timestamp,key,event
73498.7506969,ATTACK,press
73498.888663986,ATTACK,release
73499.552555091,ATTACK,press
73499.712437856,ATTACK,release
73500.050536919,ATTACK,press
73500.211971396,ATTACK,release
73500.87523704,DOWN,press
73501.163428568,ATTACK,press
73501.300059156,ATTACK,release
73501.650746894,DOWN,release
73502.062276647,UP,press
73502.339773133,ATTACK,press
73502.512178635,ATTACK,release
73502.837278299,ATTACK,press
73503.037715737,ATTACK,release
73503.246980616,ATTACK,press
73503.437096626,ATTACK,release
73503.575410855,UP,release
73504.02475557,LEFT,press
73504.343646415,ATTACK,press
73504.563683514,ATTACK,release
73504.674988886,LEFT,release
73505.127344747,LEFT,press
73505.476217273,ATTACK,press
73505.525604647,LEFT,release
73505.68830766,ATTACK,release
73505.894501517,LEFT,press
73506.289262843,LEFT,release
73506.321087455,ATTACK,press
73506.51225425,ATTACK,release
73506.675741851,LEFT,press
73506.975956703,LEFT,release
73507.06984698,ATTACK,press
73507.300336143,ATTACK,release
73507.500177949,LEFT,press
73507.737219039,LEFT,release
73507.954734775,ATTACK,press
73508.213061863,ATTACK,release
73508.350440159,LEFT,press
73508.612503991,ATTACK,press
73508.687747872,LEFT,release
73508.88356654,ATTACK,release
73509.455075951,LEFT,press
73509.625416896,LEFT,release
73509.677740171,ATTACK,press
73509.863071251,ATTACK,release
73510.187605856,LEFT,press
73510.37549327,LEFT,release
73510.476382691,ATTACK,press
73510.675630756,ATTACK,release
73510.862927165,RIGHT,press
73511.037737244,RIGHT,release
73511.177296594,ATTACK,press
73511.377222133,ATTACK,release
73511.626063328,LEFT,press
73511.780253926,ATTACK,press
73511.789524555,LEFT,release
73511.999862426,ATTACK,release
73512.163433863,LEFT,press
73512.337361985,LEFT,release
73512.439754738,ATTACK,press
73512.625820157,ATTACK,release
73512.813104084,UP,press
73513.012841631,ATTACK,press
73513.215514059,ATTACK,release
73513.263098665,UP,release
73513.489994597,DOWN,press
73513.717862766,ATTACK,press
73513.941166918,ATTACK,release
73513.964646203,DOWN,release
73514.15072452,JUMP,press
73514.377518391,ATTACK,press
73514.390713531,JUMP,release
73514.679561094,ATTACK,release
73514.888496234,LEFT,press
73514.988473315,ATTACK,press
73515.138480935,LEFT,release
73515.213649511,ATTACK,release
73515.413460849,LEFT,press
73515.775571459,LEFT,release
73515.902544266,JUMP,press
73516.177238703,ATTACK,press
73516.427163558,JUMP,release
73516.463294753,ATTACK,release
73517.028124961,JUMP,press
73517.33925644,ATTACK,press
73517.43775306,JUMP,release
73517.625974969,ATTACK,release
73517.887782894,LEFT,press
73518.125540656,ATTACK,press
73518.281445603,LEFT,release
73518.350960367,ATTACK,release
73518.532338048,LEFT,press
73518.684371303,LEFT,release
73518.802224568,ATTACK,press
73519.000596703,ATTACK,release
73519.186356239,RIGHT,press
73519.289894086,RIGHT,release
73519.424798784,JUMP,press
73519.625581129,JUMP,release
73520.065738673,LEFT,press
73520.225639206,LEFT,release
73520.252256198,JUMP,press
73520.345733387,LEFT,press
73520.376123698,UP,press
73520.425617982,JUMP,release
73520.600719475,UP,release
73520.614255179,LEFT,release
73520.913777887,RIGHT,press
73521.147336605,JUMP,press
73521.357935181,JUMP,release
73521.563028599,RIGHT,release
73521.926011053,RIGHT,press
73522.12596196,JUMP,press
73522.238121243,UP,press
73522.351908691,JUMP,release
73522.487795176,UP,release
73522.550724412,RIGHT,release
73522.701136999,RIGHT,press
73522.800906455,JUMP,press
73523.000711391,JUMP,release
73523.227119557,RIGHT,release
73523.915012405,JUMP,press
73523.951647127,RIGHT,press
73524.135613542,JUMP,release
73524.30626566,RIGHT,release
73524.602819169,RIGHT,press
73524.813227115,JUMP,press
73524.978899306,UP,press
73525.000323141,JUMP,release
73525.153668321,UP,release
73525.201831121,RIGHT,release
73525.415212759,LEFT,press
73525.552185875,DOWN,press
73525.566205788,JUMP,press
73525.738104407,DOWN,release
73525.758985947,LEFT,release
73525.759072597,JUMP,release
73526.230773089,UP,press
73526.389087753,JUMP,press
73526.452920326,RIGHT,press
73526.501214049,UP,release
73526.601970193,JUMP,release
73526.763639346,RIGHT,release
73526.949084747,DOWN,press
73527.129794445,LEFT,press
73527.139872137,JUMP,press
73527.271053672,DOWN,release
73527.35356433,JUMP,release
73527.413021984,LEFT,release
73527.613161187,LEFT,press
73527.776550979,UP,press
73527.866974497,JUMP,press
73528.050897761,JUMP,release
73528.088074344,UP,release
73528.10266729,LEFT,release
73528.383231906,LEFT,press
73528.58946993,UP,press
73528.665785586,JUMP,press
73528.851537009,UP,release
73528.901758594,JUMP,release
73528.952443237,LEFT,release
73529.160046015,LEFT,press
73529.414228439,JUMP,press
73529.440815485,UP,press
73529.488199165,LEFT,release
73529.61111469,JUMP,release
73529.688046681,UP,release
73530.164785381,DOWN,press
73530.414006828,JUMP,press
73530.414106829,RIGHT,press
73530.520153614,DOWN,release
73530.588010313,JUMP,release
73530.738465492,LEFT,press
73530.776472603,RIGHT,release
73530.952627066,DOWN,press
73531.000977832,LEFT,release
73531.188835662,LEFT,press
73531.251676973,DOWN,release
73531.251741504,JUMP,press
73531.504853606,JUMP,release
73531.55247245,LEFT,release
73531.745683422,UP,press
73531.752901475,LEFT,press
73531.976443603,JUMP,press
73532.050124379,UP,release
73532.114550351,LEFT,release
73532.14979343,JUMP,release
73532.325273025,LEFT,press
73532.546488884,LEFT,release
73532.813486136,LEFT,press
73532.896627689,JUMP,press
73533.015185924,DOWN,press
73533.074162882,LEFT,release
73533.074235464,JUMP,release
73533.201882301,DOWN,release
73533.401623272,LEFT,press
73533.651387966,LEFT,release
73533.802676502,JUMP,press
73533.855331082,LEFT,press
73533.938414251,DOWN,press
73534.00332146,JUMP,release
73534.053377923,LEFT,release
73534.076350397,RIGHT,press
73534.138143502,DOWN,release
73534.388591633,UP,press
73534.414940496,JUMP,press
73534.588959284,UP,release
73534.613947537,JUMP,release
73534.732167678,RIGHT,release
73534.951576636,RIGHT,press
73535.140486045,JUMP,press
73535.278421215,UP,press
73535.323725803,JUMP,release
73535.476897468,UP,release
73535.538458607,RIGHT,release
73535.802423813,DOWN,press
73535.994048164,DOWN,release
73536.003829442,RIGHT,press
73536.113922546,JUMP,press
73536.314396122,JUMP,release
73536.426423282,RIGHT,release
73536.538524154,RIGHT,press
73536.589175314,RIGHT,release
73536.914562202,JUMP,press
73537.078100822,RIGHT,press
73537.11836222,UP,press
73537.163827724,JUMP,release
73537.313344793,UP,release
73537.369935217,RIGHT,release
73537.729459502,RIGHT,press
73537.729511801,JUMP,press
73537.993850818,JUMP,release
73538.064904691,ATTACK,press
73538.076262605,RIGHT,release
73538.414395329,ATTACK,release
73538.577348443,JUMP,press
73538.629189126,RIGHT,press
73538.802188387,JUMP,release
73538.964180245,DOWN,press
73538.988692604,ATTACK,press
73539.003169856,RIGHT,release
73539.226330065,ATTACK,release
73539.313300687,DOWN,release
73539.476673882,JUMP,press
73539.526606755,RIGHT,press
73539.728898443,DOWN,press
73539.769918658,JUMP,release
73539.880102469,ATTACK,press
73540.153618923,ATTACK,release
73540.188277327,RIGHT,release
73540.188318408,DOWN,release
73540.477988148,JUMP,press
73540.53871093,UP,press
73540.724284462,JUMP,release
73540.724431139,ATTACK,press
73540.864631688,UP,release
73540.942159294,ATTACK,release
73540.989781907,LEFT,press
73541.113528614,JUMP,press
73541.238148024,LEFT,release
73541.29765093,JUMP,release
73541.426910133,RIGHT,press
73541.675797712,JUMP,press
73541.851687797,JUMP,release
73542.138883766,RIGHT,release
73542.263649383,DOWN,press
73542.426677787,JUMP,press
73542.448656091,LEFT,press
73542.476718325,DOWN,release
73542.627259895,JUMP,release
73542.948500429,LEFT,press
73542.980994539,LEFT,press
73543.02129657,LEFT,press
73543.051822471,LEFT,press
73543.076491015,UP,press
73543.07654569,LEFT,release
73543.351864351,JUMP,press
73543.417662378,RIGHT,press
73543.538415586,UP,release
73543.538477873,JUMP,release
73543.727320347,ATTACK,press
73543.965235614,ATTACK,release
73543.992505164,RIGHT,release
73544.076901751,UP,press
73544.165307094,JUMP,press
73544.239775091,RIGHT,press
73544.323133612,UP,release
73544.413701052,ATTACK,press
73544.413876198,JUMP,release
73544.513712919,DOWN,press
73544.62652417,ATTACK,release
73544.656841578,RIGHT,release
73544.801572753,DOWN,release
73544.939488183,DOWN,press
73544.990104185,JUMP,press
73545.026654846,RIGHT,press
73545.214359069,ATTACK,press
73545.300232515,JUMP,release
73545.414403367,ATTACK,release
73545.552475918,ATTACK,press
73545.688479266,DOWN,release
73545.771795961,ATTACK,release
73545.840074136,RIGHT,release
73545.91387782,UP,press
73546.016475504,JUMP,press
73546.157587363,ATTACK,press
73546.209973521,JUMP,release
73546.299506802,ATTACK,release
73546.364331821,LEFT,press
73546.400789594,ATTACK,press
73546.414086979,UP,release
73546.569437654,ATTACK,release
73546.673514551,ATTACK,press
73546.85196002,ATTACK,release
73546.852032588,UP,press
73546.953890927,LEFT,release
73547.106625861,ATTACK,press
73547.164062802,JUMP,press
73547.289724253,ATTACK,release
73547.413526319,UP,release
73547.413564258,JUMP,release
73547.428208149,ATTACK,press
73547.463753332,LEFT,press
73547.624532453,ATTACK,release
73547.754539255,ATTACK,press
73547.941172366,LEFT,release
73547.950559587,ATTACK,release
73547.989183372,RIGHT,press
73548.104158052,ATTACK,press
73548.313574617,ATTACK,release
73548.324579765,RIGHT,release
73548.565771728,LEFT,press
73548.575368868,ATTACK,press
73548.706291088,ATTACK,release
73548.726771565,LEFT,release
73548.815670768,ATTACK,press
73548.939205725,ATTACK,release
73549.014114761,ATTACK,press
73549.029718545,LEFT,press
73549.154442335,ATTACK,release
73549.250551136,LEFT,release
73549.268175454,ATTACK,press
73549.423621575,ATTACK,release
73549.501505237,ATTACK,press
73549.664007897,ATTACK,release
73549.839154683,RIGHT,press
73549.892041014,ATTACK,press
73550.074786566,ATTACK,release
73550.314120918,RIGHT,release
73550.539841988,ATTACK,press
73550.677910956,LEFT,press
73550.703017019,ATTACK,release
73551.026901515,LEFT,release
73551.113918539,JUMP,press
73551.376679374,JUMP,release
73551.676823921,LEFT,press
73551.895200922,JUMP,press
73551.964054943,LEFT,release
73552.151830655,JUMP,release
73552.252204521,RIGHT,press
73552.563255467,JUMP,press
73552.813804482,JUMP,release
73553.202080876,LEFT,press
73553.250913968,JUMP,press
73553.277263794,LEFT,release
73553.705141247,JUMP,release
73554.163926675,RIGHT,release
73554.256439976,LEFT,press
73554.360448416,JUMP,press
73554.612272785,JUMP,release
73554.663938504,LEFT,release
73554.950957337,LEFT,press
73555.041943446,JUMP,press
73555.265157731,JUMP,release
73555.681127025,JUMP,press
73556.182769999,JUMP,press
73556.22341811,JUMP,press
73556.253803979,JUMP,press
73556.285704997,JUMP,press
73556.313898977,JUMP,release
73556.792201159,JUMP,press
73557.014038281,JUMP,release
73557.06388402,LEFT,release
73557.325473332,LEFT,press
73557.452090642,JUMP,press
73557.678062371,JUMP,release
73558.00367034,LEFT,release
73558.051314259,RIGHT,press
73558.203749309,JUMP,press
73558.499979569,JUMP,release
73559.003366935,JUMP,press
73559.503834124,JUMP,press
73559.546311766,JUMP,press
73559.577181385,JUMP,press
73559.609306138,JUMP,press
73559.627305429,JUMP,release
73559.677497832,ATTACK,press
73559.853169395,ATTACK,release
73560.064781353,ATTACK,press
73560.129653036,RIGHT,release
73560.253264866,ATTACK,release
73560.314261382,RIGHT,press
73560.314308078,JUMP,press
73560.396680647,UP,press
73560.652453041,ATTACK,press
73560.702179476,RIGHT,release
73560.904422735,LEFT,press
73560.913923044,ATTACK,release
73560.96465041,JUMP,release
73561.064342467,UP,release
73561.290053596,UP,press
73561.46456399,JUMP,press
73561.767474936,ATTACK,press
73561.982797574,JUMP,release
73562.002186199,ATTACK,release
73562.039591965,UP,release
73562.229167399,ATTACK,press
73562.327485087,JUMP,press
73562.439079054,ATTACK,release
73562.636754743,JUMP,release
73562.664687747,UP,press
73562.802549791,LEFT,release
73562.827273766,JUMP,press
73562.960202953,ATTACK,press
73563.067745984,LEFT,press
73563.101184329,JUMP,release
73563.128730829,UP,release
73563.139495059,ATTACK,release
73563.31429067,ATTACK,press
73563.41445556,JUMP,press
73563.550609124,ATTACK,release
73563.626241085,JUMP,release
73563.652317257,LEFT,release
73563.729026075,RIGHT,press
73563.877295517,DOWN,press
73563.88983493,ATTACK,press
73563.952445162,JUMP,press
73564.126517157,ATTACK,release
73564.150094862,JUMP,release
73564.302266312,RIGHT,release
73564.340316435,ATTACK,press
73564.503503589,JUMP,press
73564.664413359,ATTACK,release
73564.774270983,RIGHT,press
73564.789227832,JUMP,release
73564.975781304,ATTACK,press
73565.067515676,JUMP,press
73565.371475426,JUMP,release
73565.426580504,ATTACK,release
73565.553852591,JUMP,press
73565.94109041,ATTACK,press
73566.048577953,JUMP,release
73566.158695134,RIGHT,release
73566.215230612,ATTACK,release
73566.227902584,JUMP,press
73566.271134171,RIGHT,press
73566.40537677,ATTACK,press
73566.50158809,JUMP,release
73566.52722535,DOWN,release
73566.628156975,ATTACK,release
73566.802355285,UP,press
73566.852564406,JUMP,press
73566.883321073,ATTACK,press
73567.028492145,JUMP,release
73567.064197808,ATTACK,release
73567.11417629,UP,release
73567.189739994,RIGHT,release
73567.240191329,ATTACK,press
73567.445331817,RIGHT,press
73567.476236344,ATTACK,release
73567.768519494,ATTACK,press
73567.768574971,RIGHT,release
73567.940877605,RIGHT,press
73567.964425929,JUMP,press
73568.002828596,ATTACK,release
73568.064688458,UP,press
73568.139662069,JUMP,release
73568.275257647,UP,release
73568.293164098,RIGHT,release
73568.304278048,ATTACK,press
73568.503617012,RIGHT,press
73568.527290333,ATTACK,release
73568.689408894,JUMP,press
73568.801669349,ATTACK,press
73568.876823586,JUMP,release
73568.976739058,RIGHT,release
73569.025447877,ATTACK,release
73569.45171593,RIGHT,press
73569.493735376,ATTACK,press
73569.689635249,ATTACK,release
73569.790506264,RIGHT,release
73569.982191848,RIGHT,press
73570.036696856,ATTACK,press
73570.264427043,ATTACK,release
73570.350721658,RIGHT,release
73570.614608255,RIGHT,press
73570.997220669,RIGHT,release
73571.126705035,RIGHT,press
73571.627549685,RIGHT,press
73571.658677397,RIGHT,press
73571.688426031,RIGHT,press
73571.720425642,RIGHT,press
73571.759766065,RIGHT,press
73571.7902062,RIGHT,press
73571.820870744,RIGHT,press
73571.860903616,RIGHT,press
73571.890882222,RIGHT,press
73571.922847495,RIGHT,press
73571.960528551,RIGHT,press
73571.990886476,RIGHT,press
73572.022478863,RIGHT,press
73572.061374359,RIGHT,press
73572.092324268,RIGHT,press
73572.123617829,RIGHT,press
73572.16072067,RIGHT,press
73572.19128522,RIGHT,press
73572.221516519,RIGHT,press
73572.260935726,RIGHT,press
73572.290827562,RIGHT,press
73572.322140884,RIGHT,press
73572.361343469,RIGHT,press
73572.39216235,RIGHT,press
73572.425062967,RIGHT,press
73572.460736465,RIGHT,press
73572.491785921,RIGHT,press
73572.521673098,RIGHT,press
73572.564232705,RIGHT,press
73572.594190007,RIGHT,press
73572.626488843,RIGHT,press
73572.665292786,RIGHT,press
73572.695633561,RIGHT,press
73572.72817393,RIGHT,press
73572.766352072,RIGHT,press
73572.797213305,RIGHT,press
73572.828560587,RIGHT,press
73572.864470767,RIGHT,release
73573.177523276,RIGHT,press
73573.32685187,UP,press
73573.473146378,RIGHT,release
73573.570494712,UP,release
73573.773384832,JUMP,press
73573.775837938,UP,press
73574.04020303,JUMP,release
73574.04025296,RIGHT,press
73574.124190237,UP,release
73574.277174571,RIGHT,release
73574.373511139,DOWN,press
73574.439733756,RIGHT,press
73574.50064031,JUMP,press
73574.627980945,DOWN,release
73574.726934263,JUMP,release
73574.801611007,RIGHT,release
73574.903743671,LEFT,press
73575.114440322,LEFT,release
73575.252180194,RIGHT,press
73575.352912601,LEFT,press
73575.414418357,RIGHT,release
73575.414590522,JUMP,press
73575.685834542,JUMP,release
73575.878200125,LEFT,release
73576.075776486,LEFT,press
73576.211371626,JUMP,press
73576.2772753,RIGHT,press
73576.325840758,LEFT,release
73576.41538632,JUMP,release
73576.613072381,RIGHT,release
73576.716387823,RIGHT,press
73576.989846848,JUMP,press
73577.280987653,JUMP,release
73577.50267123,RIGHT,release
73577.556053367,RIGHT,press
73578.055665007,RIGHT,press
73578.087751888,RIGHT,press
73578.116899761,RIGHT,press
73578.147949815,RIGHT,press
73578.189641106,UP,press
73578.24082404,RIGHT,release
73578.340215409,UP,release
73578.416516352,RIGHT,press
73578.918537394,RIGHT,press
73578.954667556,RIGHT,press
73578.9845986,RIGHT,press
73579.015811391,RIGHT,press
73579.057865469,RIGHT,press
73579.087540078,RIGHT,press
73579.107117284,RIGHT,release
73579.210354078,LEFT,press
73579.279295898,LEFT,release
73579.279349617,RIGHT,press
73579.778442093,RIGHT,press
73579.817728742,RIGHT,press
73579.84847917,RIGHT,press
73579.879574555,RIGHT,press
73579.921555007,RIGHT,press
73579.952905008,RIGHT,press
73579.978415172,RIGHT,release
73580.093438715,RIGHT,press
73580.46548391,RIGHT,release
73580.685930485,ATTACK,press
73580.890236763,ATTACK,release
73581.048160915,RIGHT,press
73581.51518667,RIGHT,release
73581.565432524,JUMP,press
73581.578417348,UP,press
73581.878434609,JUMP,release
73581.926894014,UP,release
73582.090091453,RIGHT,press
73582.116409849,JUMP,press
73582.202101732,DOWN,press
73582.25175076,RIGHT,release
73582.251888917,LEFT,press
73582.380254597,JUMP,release
73582.380377213,DOWN,release
73582.522800839,LEFT,release
73582.701903886,LEFT,press
73582.777911831,JUMP,press
73583.022658748,JUMP,release
73583.026698261,LEFT,release
73583.14030607,RIGHT,press
73583.442538669,JUMP,press
73583.652699341,JUMP,release
73583.875080994,RIGHT,release
73584.088121977,UP,press
73584.191029857,JUMP,press
73584.437911256,UP,release
73584.452576986,JUMP,release
73584.62623604,LEFT,press
73584.827466846,RIGHT,press
73584.876849288,LEFT,release
73585.016421636,JUMP,press
73585.239829344,JUMP,release
73585.356419017,RIGHT,release
73585.579714586,RIGHT,press
73585.652162762,JUMP,press
73585.963952625,JUMP,release
73586.115548863,RIGHT,release
73586.115598723,LEFT,press
73586.401165583,JUMP,press
73586.45135379,LEFT,release
73586.478338362,RIGHT,press
73586.564863648,JUMP,release
73586.939830827,RIGHT,release
73587.226529982,ATTACK,press
73587.452319955,ATTACK,release
73587.476781398,RIGHT,press
73587.902643337,RIGHT,release
73588.053776683,RIGHT,press
73588.077488048,JUMP,press
73588.090328682,UP,press
73588.326997666,JUMP,release
73588.343986498,UP,release
73588.390426825,RIGHT,release
73588.62705136,LEFT,press
73588.866174446,JUMP,press
73589.110213708,LEFT,release
73589.126437517,JUMP,release
73589.462152246,LEFT,press
73589.739236163,LEFT,release
73590.027599718,RIGHT,press
73590.392158912,RIGHT,release
73590.502340064,LEFT,press
73590.891331156,LEFT,release
73590.990460325,RIGHT,press
73591.215320838,JUMP,press
73591.551734654,JUMP,release
73591.86619314,RIGHT,release
73592.073963086,LEFT,press
73592.128659,JUMP,press
73592.383438011,JUMP,release
73592.43414708,LEFT,release
73592.634823111,RIGHT,press
73592.81546626,JUMP,press
73593.036080412,JUMP,release
73593.177022008,RIGHT,release
73593.327803592,RIGHT,press
73593.527424347,JUMP,press
73593.76538311,JUMP,release
73593.852982333,RIGHT,release
73594.111329655,LEFT,press
73594.242148156,JUMP,press
73594.541157429,JUMP,release
73594.652063115,LEFT,release
73594.965514259,LEFT,press
73595.127349742,JUMP,press
73595.329179749,LEFT,release
73595.329236235,JUMP,release
73595.654223934,UP,press
73595.840775116,JUMP,press
73595.915849533,RIGHT,press
73595.928194411,UP,release
73596.013237292,ATTACK,press
73596.080174316,JUMP,release
73596.080224257,DOWN,press
73596.23923325,RIGHT,release
73596.289132796,ATTACK,release
73596.339245302,DOWN,release
73596.452580676,UP,press
73596.465671178,JUMP,press
73596.477498907,ATTACK,press
73596.731691994,JUMP,release
73596.754079595,RIGHT,press
73596.754133274,ATTACK,release
73596.985424654,UP,release
73597.002934777,ATTACK,press
73597.064255671,RIGHT,release
73597.255226851,ATTACK,release
73597.285350992,UP,press
73597.339622164,JUMP,press
73597.564297775,JUMP,release
73597.564449475,ATTACK,press
73597.58945113,UP,release
73597.802494451,ATTACK,release
73597.964590923,DOWN,press
73598.153065515,ATTACK,press
73598.367228972,ATTACK,release
73598.576358831,DOWN,release
73598.644188246,DOWN,press
73598.703203647,ATTACK,press
73598.927378901,ATTACK,release
73598.977425438,DOWN,release
73599.027703353,RIGHT,press
73599.261009588,ATTACK,press
73599.310806555,RIGHT,release
73599.477286775,ATTACK,release
73599.490478526,LEFT,press
73599.743056367,ATTACK,press
73599.765044189,LEFT,release
73599.975567311,ATTACK,release
73600.077750358,UP,press
73600.253180648,ATTACK,press
73600.355044357,UP,release
73600.46452946,JUMP,press
73600.488945514,ATTACK,release
73600.764515862,ATTACK,press
73600.789155961,JUMP,release
73601.004754145,ATTACK,release
73601.06595573,RIGHT,press
73601.277318397,RIGHT,release
73601.362544799,ATTACK,press
73601.439558125,JUMP,press
73601.515502147,RIGHT,press
73601.565962748,ATTACK,release
73601.615860398,JUMP,release
73601.739681386,RIGHT,release
73601.851949596,ATTACK,press
73602.078221423,ATTACK,release
73602.078368325,RIGHT,press
73602.154184872,RIGHT,release
73602.366167413,LEFT,press
73602.403772802,JUMP,press
73602.414736897,ATTACK,press
73602.602739664,JUMP,release
73602.653199944,ATTACK,release
73602.702840997,LEFT,release
73602.910584338,ATTACK,press
73603.015239238,RIGHT,press
73603.110666241,ATTACK,release
73603.265139246,RIGHT,release
73603.389635516,ATTACK,press
73603.578075499,RIGHT,press
73603.58938512,ATTACK,release
73603.62866373,RIGHT,release
73603.772776893,UP,press
73603.974939662,UP,release
73604.039956904,RIGHT,press
73604.141036121,ATTACK,press
73604.277801259,RIGHT,release
73604.339717045,ATTACK,release
73604.605195358,RIGHT,press
73604.964730826,ATTACK,press
73605.077559975,RIGHT,release
73605.142651878,ATTACK,release
73605.315216541,LEFT,press
73605.441158786,ATTACK,press
73605.529522084,LEFT,release
73605.684803862,ATTACK,release
73605.78959389,RIGHT,press
73605.991539559,JUMP,press
73606.016834216,ATTACK,press
73606.154358273,UP,press
73606.202880332,JUMP,release
73606.251555934,ATTACK,release
73606.252702327,RIGHT,release
73606.36729231,UP,release
73606.539789253,ATTACK,press
73606.639781474,UP,press
73606.768362838,ATTACK,release
73606.870630743,UP,release
73607.141005963,UP,press
73607.189329144,JUMP,press
73607.318375959,ATTACK,press
73607.441947102,RIGHT,press
73607.464566319,JUMP,release
73607.502738643,UP,release
73607.564636389,ATTACK,release
73607.627503578,RIGHT,release
73607.814978281,ATTACK,press
73607.928288433,JUMP,press
73608.029360389,ATTACK,release
73608.159470605,JUMP,release
73608.552761934,RIGHT,press
73608.752727004,RIGHT,release
73608.752866217,ATTACK,press
73608.914733309,ATTACK,release
73608.990367783,JUMP,press
73609.177765879,JUMP,release
73609.820368479,RIGHT,press
73610.001636957,RIGHT,release
73610.190282436,JUMP,press
73610.359228473,DOWN,press
73610.427575319,JUMP,release
73610.466778209,ATTACK,press
73610.664947648,ATTACK,release
73610.714988284,DOWN,release
73610.916138172,JUMP,press
73611.102611359,JUMP,release
73611.252073878,DOWN,press
73611.371399966,JUMP,press
73611.391171613,ATTACK,press
73611.60536057,JUMP,release
73611.626871003,ATTACK,release
73611.777605892,DOWN,release
73612.054719761,JUMP,press
73612.093495676,DOWN,press
73612.264801255,JUMP,release
73612.317023384,ATTACK,press
73612.559307905,ATTACK,release
73612.615099448,DOWN,release
73612.790580061,LEFT,press
73612.820492113,JUMP,press
73613.080425854,JUMP,release
73613.114664497,LEFT,release
73613.240137171,ATTACK,press
73613.305046826,DOWN,press
73613.397697772,JUMP,press
73613.465220358,ATTACK,release
73613.590308488,JUMP,release
73613.641174613,DOWN,release
73613.828819742,ATTACK,press
73613.844167423,DOWN,press
73614.085312912,ATTACK,release
73614.1379816,DOWN,release
73614.292992234,JUMP,press
73614.368434947,UP,press
73614.516129743,ATTACK,press
73614.727818784,ATTACK,release
73614.789881326,JUMP,release
73614.808761643,UP,release
73615.063749544,JUMP,press
73615.090314322,DOWN,press
73615.14318723,ATTACK,press
73615.425210096,JUMP,release
73615.455449314,ATTACK,release
73615.49011616,DOWN,release
73615.653234001,JUMP,press
73615.952857991,JUMP,release
73615.996566272,RIGHT,press
73616.302807189,RIGHT,release
73616.378265972,ATTACK,press
73616.615274378,ATTACK,release
73616.716891958,JUMP,press
73616.927571995,JUMP,release
73616.978836835,UP,press
73617.015290901,ATTACK,press
73617.129222974,UP,release
73617.242809713,ATTACK,release
73617.402147306,RIGHT,press
73617.580134676,RIGHT,release
73617.903265726,RIGHT,press
73617.903307701,JUMP,press
73618.204145863,JUMP,release
73618.466456313,RIGHT,release
73618.881788658,LEFT,press
73619.142332312,LEFT,release
73619.690226508,UP,press
73619.841573422,JUMP,press
73620.064921136,JUMP,release
73620.12790651,UP,release
73620.154295446,RIGHT,press
73620.578530146,RIGHT,release
73620.719817044,UP,press
73620.803291003,UP,release
73621.628241083,ATTACK,press
73621.830583582,ATTACK,release
73622.252475452,LEFT,press
73622.453061643,LEFT,release
73622.765543934,JUMP,press
73622.794336031,RIGHT,press
73623.015205251,JUMP,release
73623.299024304,RIGHT,press
73623.329056181,RIGHT,press
73623.358773205,RIGHT,press
73623.388904267,RIGHT,press
73623.421325233,RIGHT,press
73623.455579693,RIGHT,press
73623.486418567,RIGHT,press
73623.517514939,RIGHT,press
73623.556787645,RIGHT,press
73623.586745526,RIGHT,press
73623.617356439,RIGHT,press
73623.640103126,RIGHT,release
73623.813731139,LEFT,press
73624.019879556,LEFT,release
73624.125761512,RIGHT,press
73624.603751207,RIGHT,release
73625.467203676,RIGHT,press
73625.840114801,RIGHT,release
73626.253755146,LEFT,press
73626.352757611,LEFT,release
73626.589110696,ATTACK,press
73626.728182821,ATTACK,release
73627.240615342,LEFT,press
73627.490459943,LEFT,release
73627.918238355,RIGHT,press
73628.155549066,RIGHT,release
73628.866334469,LEFT,press
73629.040225134,LEFT,release
73630.190736587,RIGHT,press
73630.371582493,RIGHT,release
73630.528328901,LEFT,press
73631.028745738,LEFT,press
73631.058551036,LEFT,press
73631.095167166,LEFT,press
73631.132063094,LEFT,press
73631.161814692,LEFT,press
73631.192737319,LEFT,press
73631.22232832,LEFT,press
73631.236596171,LEFT,release
73631.67761638,RIGHT,press
73632.177748535,RIGHT,press
73632.206755749,RIGHT,release
73632.702627029,ATTACK,press
73632.954165112,ATTACK,release
73633.365896231,RIGHT,press
73633.866705471,RIGHT,press
73633.907752461,RIGHT,press
73633.937669163,RIGHT,press
73633.969319686,RIGHT,press
73633.998555174,RIGHT,press
73634.02947141,RIGHT,press
73634.059771584,RIGHT,press
73634.079063047,RIGHT,release
73634.342732525,RIGHT,press
73634.66584185,RIGHT,release
73635.052700289,JUMP,press
73635.141847449,RIGHT,press
73635.580218846,JUMP,release
73635.640618923,RIGHT,press
73635.672637126,RIGHT,press
73635.678416269,RIGHT,release
73636.530387367,JUMP,press
73636.765493879,JUMP,release
73637.0059905,LEFT,press
73637.453487101,LEFT,release
73637.678345872,LEFT,press
73637.702928284,JUMP,press
73638.053713551,JUMP,release
73638.290581289,LEFT,release
73638.471366174,UP,press
73638.490960721,JUMP,press
73638.616075726,RIGHT,press
73638.753816678,ATTACK,press
73638.765512258,JUMP,release
73638.965687745,UP,release
73639.003922913,RIGHT,release
73639.003983924,ATTACK,release
73639.20834542,DOWN,press
73639.340792071,ATTACK,press
73639.340840037,JUMP,press
73639.606887715,JUMP,release
73639.631760134,ATTACK,release
73639.778554013,DOWN,release
73639.828759992,RIGHT,press
73640.028939919,JUMP,press
73640.115803605,JUMP,release
73640.157104837,RIGHT,release
73640.291083081,ATTACK,press
73640.619358281,ATTACK,release
73640.740830593,LEFT,press
73640.941162651,JUMP,press
73641.228711548,JUMP,release
73641.431973579,ATTACK,press
73641.565731972,LEFT,release
73641.678833642,ATTACK,release
73641.766116548,LEFT,press
73641.94104742,ATTACK,press
73641.980254269,LEFT,release
73642.161083954,JUMP,press
73642.18036113,ATTACK,release
73642.291142914,UP,press
73642.379354433,LEFT,press
73642.429492842,JUMP,release
73642.515875437,RIGHT,press
73642.515936804,ATTACK,press
73642.591085816,UP,release
73642.60514093,LEFT,release
73642.79724921,RIGHT,release
73642.816332701,ATTACK,release
73643.004348379,DOWN,press
73643.119439852,RIGHT,press
73643.119496796,JUMP,press
73643.206248011,ATTACK,press
73643.222169212,DOWN,release
73643.314723177,JUMP,release
73643.429214398,RIGHT,release
73643.490902681,ATTACK,release
73643.852919678,JUMP,press
73644.032683683,RIGHT,press
73644.091055561,JUMP,release
73644.205549586,RIGHT,release
73644.703043084,JUMP,press
73644.765979046,ATTACK,press
73644.816113174,RIGHT,press
73644.916397731,JUMP,release
73645.055538736,ATTACK,release
73645.30379726,RIGHT,release
73645.329905408,ATTACK,press
73645.580169288,ATTACK,release
73646.089793453,JUMP,press
73646.141676559,RIGHT,press
73646.315962234,JUMP,release
73646.46624898,RIGHT,release
73646.754097848,RIGHT,press
73647.107385143,JUMP,press
73647.44095262,JUMP,release
73647.62943698,DOWN,press
73647.755507722,ATTACK,press
73647.887192935,RIGHT,release
73647.969189006,ATTACK,release
73648.078869253,DOWN,release
73648.767102741,LEFT,press
73649.204149651,JUMP,press
73649.253887862,LEFT,release
73649.493225035,DOWN,press
73649.49326413,JUMP,release
73649.579914546,ATTACK,press
73649.890386063,ATTACK,release
73650.068894623,DOWN,release
73650.154214363,DOWN,press
73650.266196943,ATTACK,press
73650.471126663,ATTACK,release
73650.654427187,DOWN,release
73650.828109958,JUMP,press
73651.04106513,JUMP,release
73651.060747164,RIGHT,press
73651.129524331,DOWN,press
73651.228079808,RIGHT,release
73651.254706102,ATTACK,press
73651.447103255,ATTACK,release
73651.791994199,DOWN,release
73652.002578955,RIGHT,press
73652.280082477,ATTACK,press
73652.516341375,RIGHT,release
73652.516403516,ATTACK,release
73652.727789251,LEFT,press
73652.917670751,ATTACK,press
73653.15157515,ATTACK,release
73653.154305792,LEFT,release
73653.432479905,RIGHT,press
73653.604366677,JUMP,press
73653.716382998,ATTACK,press
73653.742700843,UP,press
73653.870408137,JUMP,release
73653.941078955,ATTACK,release
73653.966057534,UP,release
73654.007156703,RIGHT,release
73654.216427463,ATTACK,press
73654.404545283,ATTACK,release
73654.428323524,RIGHT,press
73654.598533717,RIGHT,release
73654.606899737,UP,press
73654.715761334,ATTACK,press
73654.918794981,ATTACK,release
73655.055679744,RIGHT,press
73655.116278038,ATTACK,press
73655.186522258,RIGHT,release
73655.303150329,ATTACK,release
73655.38641682,RIGHT,press
73655.416182382,UP,release
73655.655824811,UP,press
73655.708170503,JUMP,press
73655.728059075,RIGHT,release
73655.779377398,LEFT,press
73655.806012946,UP,release
73655.867301443,ATTACK,press
73655.904111231,JUMP,release
73656.098676516,ATTACK,release
73656.157068935,LEFT,release
73656.241572517,UP,press
73656.362556036,JUMP,press
73656.430146131,RIGHT,press
73656.519479814,ATTACK,press
73656.579838974,JUMP,release
73656.755363989,ATTACK,release
73656.828236183,UP,release
73656.930177755,ATTACK,press
73656.99233739,UP,press
73657.043388223,RIGHT,release
73657.154324661,ATTACK,release
73657.316145954,UP,release
73657.442549188,ATTACK,press
73657.65472135,ATTACK,release
73657.947843812,JUMP,press
73658.091650584,DOWN,press
73658.128158193,JUMP,release
73658.156693405,ATTACK,press
73658.36711314,ATTACK,release
73658.51285958,DOWN,release
73658.579433009,JUMP,press
73658.591397517,DOWN,press
73658.629900062,ATTACK,press
73658.754570022,RIGHT,press
73658.821874409,JUMP,release
73658.844733833,DOWN,release
73658.844783568,ATTACK,release
73658.979773428,RIGHT,release
73659.5302445,RIGHT,press
73659.741919206,ATTACK,press
73659.754326659,RIGHT,release
73659.979230685,ATTACK,release
73660.179583624,RIGHT,press
73660.441551682,RIGHT,release
73660.45469138,ATTACK,press
73660.680599032,ATTACK,release
73660.742411529,RIGHT,press
73661.066449984,ATTACK,press
73661.180385106,RIGHT,release
73661.279796322,ATTACK,release
73661.554710035,ATTACK,press
73661.616551972,UP,press
73661.766466526,ATTACK,release
73662.043576028,ATTACK,press
73662.254460054,ATTACK,release
73662.442910701,UP,release
73662.457698335,JUMP,press
73662.604651115,UP,press
73662.655180118,ATTACK,press
73662.782230314,JUMP,release
73662.866396639,ATTACK,release
73663.032401575,UP,release
73663.384003724,JUMP,press
73663.416759316,UP,press
73663.484496259,ATTACK,press
73663.516659068,LEFT,press
73663.641792232,JUMP,release
73663.690208249,UP,release
73663.704820444,ATTACK,release
73663.76640765,LEFT,release
73664.005596954,ATTACK,press
73664.24154711,ATTACK,release
73664.304592796,JUMP,press
73664.466614409,LEFT,press
73664.566442347,LEFT,release
73664.58698821,JUMP,release
73664.604908637,ATTACK,press
73664.804614048,ATTACK,release
73664.842210694,DOWN,press
73665.19293801,ATTACK,press
73665.441884902,ATTACK,release
73665.556120288,DOWN,release
73665.658531321,RIGHT,press
73665.817056874,RIGHT,release
73665.817107447,DOWN,press
73665.917712385,ATTACK,press
73665.942504707,JUMP,press
73665.99172688,JUMP,release
73666.189156989,ATTACK,release
73666.354803975,DOWN,release
73666.516938071,DOWN,press
73666.554752507,ATTACK,press
73666.642332388,JUMP,press
73666.804643766,ATTACK,release
73666.852496293,JUMP,release
73667.194840062,ATTACK,press
73667.394665356,ATTACK,release
73667.543793281,DOWN,release
73667.641976774,JUMP,press
73667.866579939,JUMP,release
73667.941923188,ATTACK,press
73667.966953627,RIGHT,press
73668.166496169,ATTACK,release
73668.279461116,RIGHT,release
73668.368280152,RIGHT,press
73668.417812506,ATTACK,press
73668.616720225,ATTACK,release
73668.704746259,RIGHT,release
73668.729768364,LEFT,press
73668.768170756,JUMP,press
73668.955485771,ATTACK,press
73669.001169124,JUMP,release
73669.155407646,ATTACK,release
73669.405535419,ATTACK,press
73669.551976896,JUMP,press
73669.617484875,ATTACK,release
73669.780043083,JUMP,release
73670.078269551,UP,press
73670.091991843,JUMP,press
73670.130087164,ATTACK,press
73670.491685753,JUMP,release
73670.516684928,ATTACK,release
73670.566769865,LEFT,release
73670.666805937,JUMP,press
73670.753080405,ATTACK,press
73670.87970743,JUMP,release
73670.97956419,ATTACK,release
73671.067677348,LEFT,press
73671.329621544,LEFT,release
73671.380754427,RIGHT,press
73671.418545881,JUMP,press
73671.502810251,ATTACK,press
73671.718631051,JUMP,release
73671.76660452,ATTACK,release
73671.80410292,UP,release
73671.918756259,ATTACK,press
73672.158212853,ATTACK,release
73672.542015125,UP,press
73672.670297676,JUMP,press
73672.720384474,RIGHT,release
73672.818514272,LEFT,press
73672.860114583,ATTACK,press
73673.07118081,JUMP,release
73673.104645187,ATTACK,release
73673.304950457,ATTACK,press
73673.366659616,UP,release
73673.395692659,LEFT,release
73673.505166542,ATTACK,release
73673.924017388,UP,press
73673.931715835,JUMP,press
73674.024807247,LEFT,press
73674.179795988,JUMP,release
73674.526168982,LEFT,press
73674.564277566,LEFT,press
73674.594544262,LEFT,press
73674.625479891,LEFT,press
73674.654801352,LEFT,press
73674.686455214,LEFT,press
73674.716015804,LEFT,press
73674.74461913,JUMP,press
73675.168434782,JUMP,release
73675.593027382,JUMP,press
73675.952574464,JUMP,release
73675.968390826,UP,release
73676.057617206,LEFT,release
73676.23029023,RIGHT,press
73676.30318305,JUMP,press
73676.354960129,UP,press
73676.54183485,UP,release
73676.592666316,ATTACK,press
73676.707022027,DOWN,press
73676.79693969,JUMP,release
73676.829885605,ATTACK,release
73676.967103518,RIGHT,release
73677.032434201,DOWN,release
73677.32901878,JUMP,press
73677.518555739,DOWN,press
73677.60422777,RIGHT,press
73677.63369307,JUMP,release
73677.64399358,ATTACK,press
73677.855557181,RIGHT,release
73677.87984252,ATTACK,release
73678.019652501,DOWN,release
73678.128841228,LEFT,press
73678.243750345,LEFT,release
73678.367255666,JUMP,press
73678.541939209,JUMP,release
73678.603142381,DOWN,press
73678.756563675,ATTACK,press
73678.955647113,DOWN,release
73678.955753225,ATTACK,release
73679.053090342,RIGHT,press
73679.122294483,RIGHT,release
73679.355312956,RIGHT,press
73679.506548988,JUMP,press
73679.530338686,ATTACK,press
73679.731501968,ATTACK,release
73679.901670268,JUMP,release
73679.991999924,RIGHT,release
73680.351049089,JUMP,press
73680.518365095,DOWN,press
73680.542405411,ATTACK,press
73680.563678825,JUMP,release
73680.766923631,ATTACK,release
73680.816916112,DOWN,release
73681.042329364,JUMP,press
73681.167297765,RIGHT,press
73681.544208783,JUMP,release
73681.571578709,RIGHT,release
73681.692330674,LEFT,press
73681.836079549,JUMP,press
73682.10508885,JUMP,release
73682.142127603,LEFT,release
73682.403325004,RIGHT,press
73682.605747992,RIGHT,release
73682.842412304,RIGHT,press
73682.842455439,JUMP,press
73683.131941543,JUMP,release
73683.367459837,JUMP,press
73683.68181708,JUMP,release
73683.868018712,RIGHT,release
73684.017716996,JUMP,press
73684.093688215,UP,press
73684.253262549,LEFT,press
73684.369781489,JUMP,release
73684.529912616,UP,release
73684.542075655,LEFT,release
73684.905482711,JUMP,press
73684.930958808,RIGHT,press
73685.082786063,UP,press
73685.192425565,RIGHT,release
73685.244850086,LEFT,press
73685.570195161,JUMP,release
73685.617925431,UP,release
73685.681203048,LEFT,release
73685.903414522,LEFT,press
73686.117441571,JUMP,press
73686.379326012,JUMP,release
73686.492227395,LEFT,release
73686.668319237,LEFT,press
73686.773978137,JUMP,press
73686.894369958,UP,press
73687.180162993,JUMP,release
73687.292302397,UP,release
73687.310987697,LEFT,release
73687.617371524,RIGHT,press
73687.746183795,UP,press
73687.88065429,JUMP,press
73688.203144321,UP,release
73688.381318856,JUMP,press
73688.413113367,JUMP,press
73688.417421387,JUMP,release
73688.47923501,RIGHT,release
73688.643221062,LEFT,press
73688.891517203,LEFT,release
73689.069252802,JUMP,press
73689.10199158,RIGHT,press
73689.403540152,ATTACK,press
73689.403659362,DOWN,press
73689.437384624,JUMP,release
73689.628228797,ATTACK,release
73689.742234638,RIGHT,release
73689.81194267,DOWN,release
73689.992472602,LEFT,press
73690.105638903,JUMP,press
73690.380676472,LEFT,release
73690.434021712,JUMP,release
73690.60860975,UP,press
73690.69828302,LEFT,press
73690.931433817,LEFT,release
73691.007688958,RIGHT,press
73691.007730061,JUMP,press
73691.468920935,UP,release
73691.521271824,JUMP,release
73691.545216814,RIGHT,release
73691.731503665,LEFT,press
73691.937324837,JUMP,press
73692.342267913,JUMP,release
73692.385199192,LEFT,release
73692.492592455,LEFT,press
73692.629748501,JUMP,press
73692.849859087,JUMP,release
73693.382278198,JUMP,press
73693.881300013,JUMP,press
73693.892398331,JUMP,release
73694.280329332,LEFT,release
73694.619318613,RIGHT,press
73694.756622363,JUMP,press
73694.994347758,DOWN,press
73695.007042249,JUMP,release
73695.211705872,RIGHT,release
73695.367608289,DOWN,release
73695.555910079,LEFT,press
73695.695280403,JUMP,press
73696.09791074,JUMP,release
73696.217780539,LEFT,release
73696.30426074,RIGHT,press
73696.530878178,JUMP,press
73696.867447639,JUMP,release
73697.167425339,RIGHT,release
73697.234802137,RIGHT,press
73697.449015719,JUMP,press
73697.84257897,JUMP,release
73697.967799113,RIGHT,release
73698.228304438,LEFT,press
73698.31768588,JUMP,press
73698.818452516,JUMP,press
73698.854720584,JUMP,press
73698.884653585,JUMP,press
73698.915760788,JUMP,press
73698.930158933,JUMP,release
73698.942849804,ATTACK,press
73699.217779128,ATTACK,release
73699.267777019,RIGHT,press
73699.2879183,LEFT,release
73699.456277041,RIGHT,release
73699.557657736,RIGHT,press
73699.58101717,JUMP,press
73699.610638763,UP,press
73699.779709605,ATTACK,press
73700.01809714,ATTACK,release
73700.067217309,JUMP,release
73700.142766864,UP,release
73700.29325481,RIGHT,release
73700.492895497,UP,press
73700.594620757,JUMP,press
73700.626950755,RIGHT,press
73700.857318432,ATTACK,press
73700.904568865,UP,release
73701.034238371,JUMP,release
73701.042661948,ATTACK,release
73701.092763244,RIGHT,release
73701.504838517,RIGHT,press
73701.593653712,JUMP,press
73701.693915151,LEFT,press
73701.790625,RIGHT,release
73701.792623578,JUMP,release
73702.10665253,LEFT,release
73702.242828679,RIGHT,press
73702.36437074,JUMP,press
73702.655748474,JUMP,release
73702.906965838,LEFT,press
73702.968304189,JUMP,press
73703.019623413,RIGHT,release
73703.279848499,JUMP,release
73703.436786566,LEFT,release
73703.568273793,UP,press
73703.64668024,UP,release
73703.879152196,JUMP,press
73703.956078927,UP,press
73704.006848309,RIGHT,press
73704.3797356,JUMP,release
73704.395202106,UP,release
73704.455710337,RIGHT,release
73704.656592936,RIGHT,press
73704.706015311,JUMP,press
73705.205722756,JUMP,release
73705.429224514,RIGHT,release
73705.644213362,LEFT,press
73705.848765271,JUMP,press
73706.211794135,JUMP,release
73706.533325886,JUMP,press
73706.982272896,JUMP,release
73707.00376182,LEFT,release
73707.156040723,RIGHT,press
73707.280980932,JUMP,press
73707.788388713,JUMP,release
73708.049448921,JUMP,press
73708.365097082,JUMP,release
73708.505812722,RIGHT,release
73708.505939806,LEFT,press
73708.774337847,LEFT,release
73708.979748875,JUMP,press
73709.337767783,LEFT,press
73709.405931287,JUMP,release
73709.543251875,LEFT,release
73709.705295339,LEFT,press
73709.771158671,JUMP,press
73710.24623681,JUMP,release
73710.290966137,LEFT,release
73710.585252512,JUMP,press
73710.655293459,RIGHT,press
73710.992889316,JUMP,release
73711.03014654,RIGHT,release
73711.346132284,JUMP,press
73711.356341806,LEFT,press
73711.855746783,LEFT,press
73711.886181063,LEFT,press
73711.893266835,JUMP,release
73711.915539207,LEFT,press
73711.929832257,LEFT,release
73712.129335173,JUMP,press
73712.424097924,LEFT,press
73712.635754145,JUMP,release
73712.63579644,LEFT,release
73712.744588339,RIGHT,press
73713.017976266,RIGHT,release
73713.118504771,LEFT,press
73713.306913812,JUMP,press
73713.656690819,JUMP,release
73713.979960241,LEFT,release
73714.193267808,LEFT,press
73714.382469751,JUMP,press
73714.73121164,JUMP,release
73714.903126893,LEFT,release
73715.231198577,LEFT,press
73715.480198932,LEFT,release
73715.493485804,RIGHT,press
73715.984079345,RIGHT,release
73716.03654161,LEFT,press
73716.139797735,LEFT,release
73716.520460628,RIGHT,press
73716.660206506,RIGHT,release
73717.129750464,JUMP,press
73717.255944496,RIGHT,press
73717.74353718,JUMP,release
73717.755918397,RIGHT,press
73717.785764439,RIGHT,press
73717.816322294,RIGHT,press
73717.85367063,RIGHT,press
73717.883761858,RIGHT,press
73717.9165182,RIGHT,press
73717.944666543,RIGHT,press
73717.97522114,RIGHT,press
73718.005299463,RIGHT,press
73718.031090736,JUMP,press
73718.493355589,RIGHT,release
73718.505169835,JUMP,release
73718.829369585,RIGHT,press
73718.970160664,JUMP,press
73719.330175054,JUMP,release
73719.355218837,RIGHT,release
73719.706459985,LEFT,press
73719.706514545,JUMP,press
73720.168478138,JUMP,release
73720.330658289,LEFT,release
73720.467445495,LEFT,press
73720.494683574,JUMP,press
73720.816084552,JUMP,release
73721.26822325,LEFT,release
73721.295226894,LEFT,press
73721.394834452,JUMP,press
73721.855041488,JUMP,release
73722.012746228,LEFT,release
73722.182401972,LEFT,press
73722.319783896,JUMP,press
73722.481178273,ATTACK,press
73722.717434988,JUMP,release
73722.755381838,LEFT,release
73722.806964428,ATTACK,release
73723.092327211,ATTACK,press
73723.142170983,JUMP,press
73723.330737218,RIGHT,press
73723.368609412,ATTACK,release
73723.430046553,JUMP,release
73723.543285106,RIGHT,release
73723.716949476,RIGHT,press
73723.781403617,ATTACK,press
73723.792421313,RIGHT,release
73723.955660814,LEFT,press
73724.030451597,ATTACK,release
73724.174824031,LEFT,release
73724.281965939,ATTACK,press
73724.582360678,JUMP,press
73724.594588146,ATTACK,release
73724.817584531,LEFT,press
73724.843478067,JUMP,release
73725.056676657,ATTACK,press
73725.079457927,LEFT,release
73725.343473353,ATTACK,release
73725.627977828,JUMP,press
73725.817697332,DOWN,press
73725.85834163,JUMP,release
73725.993754632,ATTACK,press
73726.295713897,ATTACK,release
73726.330529111,DOWN,release
73726.457363172,JUMP,press
73726.581137874,RIGHT,press
73726.655662921,JUMP,release
73726.720581627,RIGHT,release
73726.879935685,DOWN,press
73726.961249165,ATTACK,press
73727.192512879,ATTACK,release
73727.217562426,DOWN,release
73727.393662718,JUMP,press
73727.417822791,RIGHT,press
73727.534560585,JUMP,release
73727.620772231,RIGHT,release
73727.705698426,DOWN,press
73727.81765798,ATTACK,press
73727.993709287,DOWN,release
73728.030523373,ATTACK,release
73728.207022853,JUMP,press
73728.218668137,LEFT,press
73728.479534111,JUMP,release
73728.568974779,LEFT,release
73728.842925183,JUMP,press
73729.032228064,LEFT,press
73729.178971254,UP,press
73729.306169362,JUMP,release
73729.38264552,LEFT,release
73729.494578469,JUMP,press
73729.685941378,ATTACK,press
73729.742568112,JUMP,release
73729.757915705,RIGHT,press
73729.91758414,ATTACK,release
73729.917630623,UP,release
73730.046124404,RIGHT,release
73732.756134611,LEFT,press
73732.839901281,JUMP,press
73733.218416894,JUMP,release
73733.230773064,LEFT,release
73734.655993044,LEFT,press
73734.734676467,UP,press
73734.757049742,JUMP,press
73735.187552178,JUMP,release
73735.267752302,UP,release
73735.291921572,LEFT,release
73735.91800454,LEFT,press
73736.245279726,LEFT,release
73737.288163218,RIGHT,press
73737.656845652,RIGHT,release
73738.356610251,RIGHT,press
73738.618423326,RIGHT,release
73739.456083547,RIGHT,press
73739.932067026,RIGHT,release
73740.650758008,RIGHT,press
73741.118137935,RIGHT,release
73741.39543965,RIGHT,press
73741.638612896,RIGHT,release
73742.981657764,RIGHT,press
73743.480332137,RIGHT,press
73743.512848295,RIGHT,press
73743.554357949,RIGHT,press
73743.585301898,RIGHT,press
73743.617748524,RIGHT,press
73743.655373955,RIGHT,press
73743.685897906,RIGHT,press
73743.716723981,RIGHT,press
73743.746666905,RIGHT,press
73743.777481218,RIGHT,press
73743.81819454,RIGHT,press
73743.848320362,RIGHT,press
73743.881919961,RIGHT,press
73743.910999822,RIGHT,press
73743.941209304,RIGHT,press
73743.981823663,RIGHT,press
73744.012581419,RIGHT,press
73744.043212625,RIGHT,press
73744.072156533,RIGHT,press
73744.105575489,RIGHT,press
73744.135304237,RIGHT,press
73744.166226672,RIGHT,press
73744.207717837,RIGHT,press
73744.237902474,RIGHT,press
73744.268947311,RIGHT,press
73744.298982226,RIGHT,press
73744.328940237,RIGHT,press
73744.331033355,RIGHT,release
73744.744140929,RIGHT,press
73745.244691483,RIGHT,press
73745.273722288,RIGHT,press
73745.303559588,RIGHT,press
73745.33464457,RIGHT,press
73745.37197482,RIGHT,press
73745.402248586,RIGHT,press
73745.433177874,RIGHT,press
73745.462909005,RIGHT,press
73745.493187375,RIGHT,press
73745.527492066,RIGHT,press
73745.53121999,RIGHT,release
73745.906469671,LEFT,press
73746.407052273,LEFT,press
73746.441794298,LEFT,press
73746.47218272,LEFT,press
73746.5038089,LEFT,press
73746.535285119,LEFT,press
73746.566597771,LEFT,press
73746.607717117,LEFT,press
73746.638290314,LEFT,press
73746.670319144,LEFT,press
73746.710585742,LEFT,press
73746.741280914,LEFT,press
73746.771860674,LEFT,press
73746.801273322,LEFT,press
73746.833149831,LEFT,press
73746.865264143,LEFT,press
73746.895849306,LEFT,press
73746.926704263,LEFT,press
73746.956503047,LEFT,press
73746.987286882,LEFT,press
73747.026594347,LEFT,press
73747.056650343,LEFT,press
73747.092172831,LEFT,press
73747.106276297,JUMP,press
73747.549794375,JUMP,release
73748.096177318,LEFT,release
73748.096220922,JUMP,press
73748.218413317,LEFT,press
73748.405229136,JUMP,release
73748.569522672,LEFT,release
73748.732527663,RIGHT,press
73748.868398429,JUMP,press
73749.3562942,JUMP,release
73749.59579209,RIGHT,release
73749.870256682,RIGHT,press
73749.943564646,JUMP,press
73750.4316047,JUMP,release
73750.543320643,RIGHT,release
73750.943623211,RIGHT,press
73750.943687922,JUMP,press
73751.331225932,JUMP,release
73751.40676299,RIGHT,release
73751.731996125,LEFT,press
73751.843757732,JUMP,press
73752.304566838,JUMP,release
73752.320194494,LEFT,release
73752.493638399,LEFT,press
73752.645220487,JUMP,press
73753.043243534,JUMP,release
73753.393517105,LEFT,release
73753.583021021,LEFT,press
73753.729757645,JUMP,press
73754.168444012,JUMP,release
73754.393559627,LEFT,release
73754.644711661,LEFT,press
73754.785227282,JUMP,press
73755.143647932,JUMP,release
73755.258168769,LEFT,release
73755.880763704,RIGHT,press
73756.081583419,RIGHT,release
73756.571439645,JUMP,press
73756.663749861,LEFT,press
73756.943600583,JUMP,release
73757.173463255,LEFT,press
73757.203971766,LEFT,press
73757.206529965,JUMP,press
73757.556456493,JUMP,release
73758.044686541,LEFT,release
73758.319179153,LEFT,press
73758.818677553,LEFT,press
73758.849224888,LEFT,press
73758.879037936,LEFT,press
73758.909566285,LEFT,press
73758.955263468,LEFT,press
73758.985700765,LEFT,press
73759.016192239,LEFT,press
73759.046217036,LEFT,press
73759.069387515,LEFT,release
73760.819297301,LEFT,press
73761.318701097,LEFT,press
73761.356492038,LEFT,press
73761.387377068,LEFT,press
73761.41918763,LEFT,press
73761.456937532,LEFT,press
73761.486512601,LEFT,press
73761.520179277,LEFT,press
73761.55912739,LEFT,press
73761.588554014,LEFT,press
73761.622817753,LEFT,press
73761.66325863,LEFT,press
73761.693935954,LEFT,press
73761.725806761,LEFT,press
73761.768587139,LEFT,press
73761.798874481,LEFT,press
73761.829837197,LEFT,press
73761.868536957,LEFT,press
73761.898762229,LEFT,press
73761.929832518,LEFT,press
73761.968176893,LEFT,press
73761.997738588,LEFT,press
73762.029140499,LEFT,press
73762.072207796,LEFT,press
73762.102104064,LEFT,press
73762.13379409,LEFT,press
73762.172669621,LEFT,press
73762.193802129,LEFT,release
73762.657511603,RIGHT,press
73763.162836561,RIGHT,press
73763.192688149,RIGHT,press
73763.223851161,RIGHT,press
73763.263491758,RIGHT,press
73763.294101931,RIGHT,press
73763.326008312,RIGHT,press
73763.354971501,RIGHT,press
73763.38587299,RIGHT,press
73763.426799582,RIGHT,press
73763.457176315,RIGHT,release
73765.105854452,RIGHT,press
73765.607302506,RIGHT,press
73765.640592813,RIGHT,press
73765.671045944,RIGHT,press
73765.696857401,RIGHT,release
73766.734124886,RIGHT,press
73767.235900448,RIGHT,press
73767.267252114,RIGHT,press
73767.294440719,RIGHT,release
73767.847055808,LEFT,press
73768.359094152,LEFT,press
73768.372929764,LEFT,release
73768.782445107,LEFT,press
73769.281919003,LEFT,press
73769.311861873,LEFT,press
73769.343348394,LEFT,press
73769.379480711,LEFT,press
73769.41030051,LEFT,press
73769.445245236,LEFT,press
73769.480851829,LEFT,press
73769.511144446,LEFT,press
73769.532449049,LEFT,release
73769.858057428,LEFT,press
73770.367467433,LEFT,press
73770.397685359,LEFT,press
73770.419518139,LEFT,release
73770.619771835,LEFT,press
73771.120169272,LEFT,press
73771.153461263,LEFT,press
73771.183628496,LEFT,press
73771.215391678,LEFT,press
73771.244026696,LEFT,press
73771.274191287,LEFT,press
73771.303508129,LEFT,press
73771.336616334,LEFT,press
73771.343914524,LEFT,release
73772.457864203,JUMP,press
73772.533035185,UP,press
73772.694355653,ATTACK,press
73772.744210849,JUMP,release
73772.744359561,RIGHT,press
73772.88195237,UP,release
73772.903932365,RIGHT,release
73772.931302706,ATTACK,release
73773.282590405,JUMP,press
73773.307165914,RIGHT,press
73773.396530234,UP,press
73773.468943457,JUMP,release
73773.545016653,ATTACK,press
73773.545107812,RIGHT,release
73773.781933824,ATTACK,release
73773.857347991,UP,release
73774.086313472,JUMP,press
73774.094171234,RIGHT,press
73774.123084722,UP,press
73774.23233898,JUMP,release
73774.243943468,RIGHT,release
73774.294607693,ATTACK,press
73774.456986529,UP,release
73774.55734612,ATTACK,release
73774.781263319,LEFT,press
73774.884913096,JUMP,press
73775.017702612,ATTACK,press
73775.118580144,JUMP,release
73775.193995714,LEFT,release
73775.357250016,ATTACK,release
73776.14448717,LEFT,press
73776.276746597,JUMP,press
73776.639157508,JUMP,release
73776.757373474,ATTACK,press
73776.781078382,LEFT,release
73776.983196313,ATTACK,release
73777.443130501,JUMP,press
73777.461152053,LEFT,press
73777.696685617,JUMP,release
73777.847707737,LEFT,release
73778.258299152,LEFT,press
73778.282615771,JUMP,press
73778.507766347,JUMP,release
73778.694345884,LEFT,release
73778.986167713,RIGHT,press
73779.407710718,RIGHT,release
73779.674161871,RIGHT,press
73779.712795778,JUMP,press
73780.194748587,JUMP,release
73780.713841892,RIGHT,release
73781.159442876,JUMP,press
73781.557902588,JUMP,release
73781.683674514,RIGHT,press
73782.191020848,RIGHT,press
73782.221587796,RIGHT,press
73782.253422897,RIGHT,press
73782.283173935,RIGHT,press
73782.31273556,RIGHT,press
73782.348644654,RIGHT,press
73782.379860027,RIGHT,press
73782.410500583,RIGHT,press
73782.432254838,RIGHT,release
73782.458598963,LEFT,press
73782.959453908,LEFT,press
73782.990538139,LEFT,press
73783.021105641,LEFT,press
73783.051941393,LEFT,press
73783.091174511,LEFT,press
73783.094823355,LEFT,release
73783.157057209,RIGHT,press
73783.657913091,RIGHT,press
73783.688182138,RIGHT,press
73783.718202077,RIGHT,press
73783.755923521,RIGHT,press
73783.785792124,RIGHT,press
73783.822312303,RIGHT,press
73783.85950606,RIGHT,press
73783.889474562,RIGHT,press
73783.919926245,RIGHT,press
73783.956951144,RIGHT,press
73783.986632281,RIGHT,press
73784.020185878,RIGHT,press
73784.057674024,RIGHT,press
73784.088241781,RIGHT,press
73784.118443106,RIGHT,press
73784.159052919,RIGHT,press
73784.189502603,RIGHT,press
73784.223398952,RIGHT,press
73784.259455997,RIGHT,press
73784.290031469,RIGHT,press
73784.322308017,RIGHT,press
73784.359463534,RIGHT,press
73784.390254147,RIGHT,press
73784.422124082,RIGHT,press
73784.452224976,RIGHT,press
73784.482871742,RIGHT,press
73784.523775507,RIGHT,press
73784.553765061,RIGHT,press
73784.585470022,RIGHT,press
73784.627397832,RIGHT,press
73784.65819621,RIGHT,press
73784.688756225,RIGHT,press
73784.728032409,RIGHT,press
73784.759777007,RIGHT,press
73784.77989068,RIGHT,release
73785.045701492,LEFT,press
73785.319466971,LEFT,release
73785.346925451,ATTACK,press
73785.584157302,ATTACK,release
73786.2821255,ATTACK,press
73786.546528175,ATTACK,release
73786.907841552,LEFT,press
73787.408227227,LEFT,press
73787.442284488,LEFT,press
73787.472853985,LEFT,press
73787.503500448,LEFT,press
73787.533051093,LEFT,press
73787.563194931,LEFT,press
73787.600478766,LEFT,press
73787.631499467,LEFT,press
73787.662914379,LEFT,press
73787.704431449,LEFT,press
73787.7348281,LEFT,press
73787.765619965,LEFT,press
73787.803833433,LEFT,press
73787.834040582,LEFT,press
73787.86626033,LEFT,press
73787.903912349,LEFT,press
73787.934275117,LEFT,press
73787.965037812,LEFT,press
73787.995160403,LEFT,press
73788.02725922,LEFT,press
73788.067801789,LEFT,press
73788.098245646,LEFT,press
73788.130439243,LEFT,press
73788.169598773,LEFT,press
73788.199995913,LEFT,press
73788.230282488,LEFT,press
73788.260362367,LEFT,press
73788.292574735,LEFT,press
73788.327478105,LEFT,press
73788.35789637,LEFT,press
73788.390033786,LEFT,press
73788.427857008,LEFT,press
73788.4585931,LEFT,press
73788.489126295,LEFT,press
73788.52943963,LEFT,press
73788.560074044,LEFT,press
73788.59196753,LEFT,press
73788.63340644,LEFT,press
73788.664308594,LEFT,press
73788.696728241,LEFT,press
73788.737539495,LEFT,press
73788.767850442,LEFT,press
73788.801194133,LEFT,press
73788.84189582,LEFT,press
73788.871787808,LEFT,press
73788.902918141,LEFT,press
73788.932756564,LEFT,press
73788.962932593,LEFT,press
73788.996136256,LEFT,press
73789.026326939,LEFT,press
73789.057085042,LEFT,press
73789.103780178,LEFT,press
73789.133766231,LEFT,press
73789.166452345,LEFT,press
73789.195573759,LEFT,press
73789.226538326,LEFT,press
73789.26528683,LEFT,press
73789.295908304,LEFT,press
73789.326688345,LEFT,press
73789.367312999,LEFT,press
73789.398825167,LEFT,press
73789.428235594,LEFT,press
73789.457878475,LEFT,press
73789.489215052,LEFT,press
73789.529924909,LEFT,press
73789.559826843,LEFT,press
73789.591251437,LEFT,press
73789.619773273,UP,press
73789.84854611,JUMP,press
73790.348850487,JUMP,press
73790.384741989,JUMP,press
73790.415062263,JUMP,press
73790.446628789,JUMP,press
73790.47634536,JUMP,press
73790.492133111,ATTACK,press
73790.683009699,UP,release
73790.7158189,JUMP,release
73790.715870089,ATTACK,release
73791.182516702,LEFT,release
73791.182646915,JUMP,press
73791.201103291,UP,press
73791.432824479,LEFT,press
73791.432882777,ATTACK,press
73791.5248899,JUMP,release
73791.645392917,ATTACK,release
73791.69286912,UP,release
73791.692954047,LEFT,release
73792.079882237,JUMP,press
73792.130771363,UP,press
73792.219619186,ATTACK,press
73792.265626561,LEFT,press
73792.305550256,JUMP,release
73792.392607233,ATTACK,release
73792.424215796,LEFT,release
73792.53064293,UP,release
73792.667883971,LEFT,press
73792.740469893,UP,press
73792.850546285,JUMP,press
73792.880571298,LEFT,release
73792.917943857,RIGHT,press
73793.092992068,ATTACK,press
73793.232383261,JUMP,release
73793.292610639,ATTACK,release
73793.405608735,RIGHT,release
73793.467816598,LEFT,press
73793.517781551,UP,release
73793.608996149,UP,press
73793.698424641,UP,release
73793.756740168,JUMP,press
73793.856525784,UP,press
73794.067925539,JUMP,release
73794.08162025,UP,release
73794.2432476,ATTACK,press
73794.243324568,DOWN,press
73794.281747211,LEFT,release
73794.444409082,ATTACK,release
73794.585618509,DOWN,release
73794.741717287,DOWN,press
73794.856875391,ATTACK,press
73795.068136593,ATTACK,release
73795.192658757,DOWN,release
73795.315327771,JUMP,press
73795.367989908,RIGHT,press
73795.830319757,JUMP,release
73795.842763327,RIGHT,release
73796.219060502,LEFT,press
73796.219138733,JUMP,press
73796.606548436,JUMP,release
73796.851318166,LEFT,release
73797.142917428,LEFT,press
73797.209070671,JUMP,press
73797.430787068,JUMP,release
73797.464913543,DOWN,press
73797.681443149,ATTACK,press
73797.905754491,ATTACK,release
73797.974017086,DOWN,release
73797.982215603,LEFT,release
73798.406131286,LEFT,press
73798.906171597,LEFT,press
73798.935847336,LEFT,press
73798.979910211,LEFT,press
73799.010500579,LEFT,press
73799.041521795,LEFT,press
73799.080473627,LEFT,press
73799.111449099,LEFT,press
73799.141944879,LEFT,press
73799.183753802,LEFT,press
73799.213621524,LEFT,press
73799.24363738,LEFT,press
73799.278788594,LEFT,press
73799.308603698,LEFT,press
73799.33964716,LEFT,press
73799.382536421,LEFT,press
73799.413372302,LEFT,press
73799.443866629,LEFT,press
73799.484628232,LEFT,press
73799.515170439,LEFT,press
73799.546094872,LEFT,press
73799.556996007,LEFT,release
73799.768166252,RIGHT,press
73799.788932082,UP,press
73799.955889847,RIGHT,release
73799.956125449,JUMP,press
73800.141828958,ATTACK,press
73800.205272609,JUMP,release
73800.205329631,RIGHT,press
73800.317837226,ATTACK,release
73800.356534751,UP,release
73800.6178517,RIGHT,release
73800.895006981,JUMP,press
73800.968200746,DOWN,press
73801.150177882,JUMP,release
73801.168453306,ATTACK,press
73801.369965863,ATTACK,release
73801.459788073,DOWN,release
73801.671998178,RIGHT,press
73801.732618104,JUMP,press
73802.16784045,JUMP,release
73802.293627174,RIGHT,release
73803.831321148,RIGHT,press
73803.893854498,JUMP,press
73804.333165543,JUMP,release
73804.406023744,RIGHT,release
73805.581531892,RIGHT,press
73805.684911638,JUMP,press
73806.069160131,JUMP,release
73806.257260338,RIGHT,release
73807.381334791,RIGHT,press
73807.445894693,JUMP,press
73807.945894428,JUMP,press
73807.976994703,JUMP,press
73808.017230676,JUMP,press
73808.047316744,JUMP,press
73808.07815465,JUMP,press
73808.11643554,JUMP,press
73808.147069537,JUMP,press
73808.179884157,JUMP,press
73808.216219033,JUMP,press
73808.245499848,JUMP,press
73808.279719854,JUMP,press
73808.317485944,JUMP,press
73808.31807893,JUMP,release
73808.943539099,RIGHT,release
73809.143328916,LEFT,press
73809.643363495,LEFT,press
73809.675837948,LEFT,press
73809.714184998,LEFT,press
73809.73295443,JUMP,press
73810.233868866,JUMP,press
73810.264249729,JUMP,press
73810.29519699,JUMP,press
73810.324597169,JUMP,press
73810.355750446,JUMP,press
73810.386239367,JUMP,press
73810.41731471,JUMP,press
73810.452629035,JUMP,press
73810.4834581,JUMP,press
73810.513646183,JUMP,press
73810.543676433,JUMP,press
73810.575627917,JUMP,press
73810.606414509,JUMP,press
73810.638553911,JUMP,press
73810.643453374,JUMP,release
73811.09318163,LEFT,release
73811.48038222,LEFT,press
73811.808494411,JUMP,press
73812.244015069,JUMP,release
73812.293514926,LEFT,release
73812.607180741,RIGHT,press
73812.654461324,JUMP,press
73813.031309543,JUMP,release
73813.044683745,RIGHT,release
73813.343683246,LEFT,press
73813.494504277,JUMP,press
73813.718449715,JUMP,release
73813.931383714,LEFT,release
73814.33071083,LEFT,press
73814.45916371,JUMP,press
73814.818740064,UP,press
73814.894858811,LEFT,release
73815.007294261,RIGHT,press
73815.168437645,JUMP,release
73815.201325749,UP,release
73815.507930216,RIGHT,press
73815.538032543,RIGHT,press
73815.569350249,RIGHT,press
73815.608566682,RIGHT,press
73815.639249154,RIGHT,press
73815.670194987,RIGHT,press
73815.709768905,RIGHT,press
73815.739481288,RIGHT,press
73815.74366217,UP,press
73815.856386227,RIGHT,release
73815.906546394,JUMP,press
73816.023856792,LEFT,press
73816.331314972,JUMP,release
73816.358593307,UP,release
73816.368389743,LEFT,release
73816.712489024,RIGHT,press
73816.731987948,JUMP,press
73816.762650786,UP,press
73817.14377754,UP,release
73817.156488892,JUMP,release
73817.206351186,RIGHT,release
73817.593576554,UP,press
73818.106066397,UP,press
73818.131468588,UP,release
73818.216382411,UP,press
73818.717363379,UP,press
73818.75872805,UP,press
73818.789481045,UP,press
73818.820204435,UP,press
73818.849945982,UP,press
73818.879793848,UP,press
73818.922594612,UP,press
73818.952684251,UP,press
73818.984361471,UP,press
73819.014311197,UP,press
73819.045184684,UP,press
73819.084581679,UP,press
73819.115264277,UP,press
73819.146754223,UP,press
73819.177264993,UP,press
73819.20849382,UP,press
73819.247252733,UP,press
73819.277660844,UP,press
73819.310783796,UP,press
73819.350140309,UP,press
73819.379814729,UP,press
73819.411045482,UP,press
73819.441137054,UP,press
73819.471322413,UP,press
73819.509970569,UP,press
73819.539900288,UP,press
73819.5708062,UP,press
73819.601231514,UP,press
73819.630861857,UP,press
73819.666897732,UP,press
73819.697495201,UP,press
73819.728528839,UP,press
73819.758710893,UP,press
73819.789333036,UP,press
73819.828404688,UP,press
73819.858627743,UP,press
73819.89419192,UP,press
73819.924342465,UP,press
73819.95532961,UP,press
73819.997283855,UP,press
73820.027504605,UP,press
73820.058740552,UP,press
73820.089166438,UP,press
73820.119169669,UP,press
73820.153132001,UP,press
73820.183224201,UP,press
73820.215737796,UP,press
73820.254650786,UP,press
73820.284614245,UP,press
73820.316148791,UP,press
73820.346039883,UP,press
73820.376141016,UP,press
73820.412233837,UP,press
73820.442338066,UP,press
73820.474318076,UP,press
73820.514234827,UP,press
73820.544826246,UP,press
73820.576905179,UP,press
73820.616998054,UP,release
73821.193969636,RIGHT,press
73821.344347105,JUMP,press
73821.74376939,JUMP,release
73821.931496208,RIGHT,release
73822.169926609,RIGHT,press
73822.182309573,JUMP,press
73822.556842554,JUMP,release
73822.657130143,RIGHT,release
73823.006930519,LEFT,press
73823.073816503,JUMP,press
73823.57406309,JUMP,press
73823.602508668,JUMP,release
73823.707540172,LEFT,release
73824.286381334,JUMP,press
73824.432161728,ATTACK,press
73824.455172064,LEFT,press
73824.493672759,JUMP,release
73824.644214228,LEFT,release
73824.656675682,ATTACK,release
73824.832696503,LEFT,press
73825.018765825,LEFT,release
73825.222159611,ATTACK,press
73825.444120692,ATTACK,release
73825.587856939,LEFT,press
73825.731846133,ATTACK,press
73825.981644528,ATTACK,release
73826.043620479,LEFT,release
73826.544250389,RIGHT,press
73826.557194391,ATTACK,press
73826.618858471,RIGHT,release
73826.73184048,ATTACK,release
73827.496794287,LEFT,press
73827.682052375,JUMP,press
73828.10674674,JUMP,release
73828.118747486,LEFT,release
73828.622292151,LEFT,press
73828.671885143,JUMP,press
73829.172607462,JUMP,press
73829.190773324,LEFT,release
73829.2041798,JUMP,press
73829.207598989,JUMP,release
73829.921142988,LEFT,press
73829.921190666,JUMP,press
73830.257980315,JUMP,release
73830.293845355,LEFT,release
73830.882222197,LEFT,press
73830.994109659,JUMP,press
73831.493654066,JUMP,press
73831.493716157,JUMP,release
73831.505938966,LEFT,release
73832.171399635,JUMP,press
73832.32408014,LEFT,press
73832.376106037,RIGHT,press
73832.406868777,JUMP,release
73832.406916796,LEFT,release
73832.807295733,RIGHT,release
73833.144127309,JUMP,press
73833.182500393,LEFT,press
73833.546093981,JUMP,release
73833.607061317,LEFT,release
73833.932132046,LEFT,press
73833.982358572,JUMP,press
73834.359577141,JUMP,release
73834.43199388,LEFT,release
73835.257262556,LEFT,press
73835.582612588,LEFT,release
73836.6942459,LEFT,press
73837.182424317,LEFT,release
73837.869954843,LEFT,press
73838.307483121,LEFT,release
73838.632443032,LEFT,press
73838.983236884,LEFT,release
73839.507761421,JUMP,press
73840.009202787,JUMP,press
73840.033797106,JUMP,release
73840.219593144,RIGHT,press
73840.520268114,RIGHT,release
73840.711192579,RIGHT,press
73840.747153311,JUMP,press
73841.105783624,JUMP,release
73841.108430135,UP,press
73841.270159763,RIGHT,release
73841.332921755,UP,release
73841.570048615,UP,press
73841.60579812,JUMP,press
73842.032465977,JUMP,release
73842.057305139,UP,release
73842.228269081,RIGHT,press
73842.45519403,RIGHT,release
73842.659174303,RIGHT,press
73842.695623494,JUMP,press
73842.944720491,JUMP,release
73842.998079668,RIGHT,release
73843.370674198,LEFT,press
73843.470216392,JUMP,press
73843.785360263,JUMP,release
73844.219235594,LEFT,release
73844.494045668,LEFT,press
73844.54234299,JUMP,press
73845.051827395,JUMP,press
73845.082393316,JUMP,press
73845.11585647,JUMP,press
73845.152436506,JUMP,release
73845.251459537,LEFT,release
73845.808012953,JUMP,press
73845.932529268,RIGHT,press
73846.373110928,JUMP,release
73846.373155767,RIGHT,release
73846.657615598,RIGHT,press
73846.897518546,UP,press
73847.044892721,JUMP,press
73847.157443236,RIGHT,release
73847.519597638,RIGHT,press
73847.595474933,JUMP,release
73847.619414902,UP,release
73847.95774718,RIGHT,release
73848.912799446,DOWN,press
73849.420513466,DOWN,press
73849.451313175,DOWN,press
73849.48282974,DOWN,press
73849.520415296,DOWN,press
73849.550676262,DOWN,press
73849.581504901,DOWN,press
73849.620748988,DOWN,press
73849.650638968,DOWN,press
73849.681841969,DOWN,press
73849.727855869,DOWN,press
73849.758270436,DOWN,press
73849.790645882,DOWN,press
73849.832576389,DOWN,press
73849.862638899,DOWN,press
73849.881933815,LEFT,press
73849.982688308,DOWN,release
73850.269424758,LEFT,release
73850.345939354,LEFT,press
73850.55816426,LEFT,release
73850.80980455,ATTACK,press
73850.982491059,ATTACK,release
73851.307778876,LEFT,press
73851.357260223,ATTACK,press
73851.482907224,LEFT,release
73851.58252558,ATTACK,release
73851.707015297,RIGHT,press
73851.917467754,RIGHT,release
73851.984896788,ATTACK,press
73852.194751861,ATTACK,release
73852.357848891,RIGHT,press
73852.69005974,RIGHT,release
73852.908049713,RIGHT,press
73853.021561368,JUMP,press
73853.207897573,JUMP,release
73853.503228297,ATTACK,press
73853.532613223,RIGHT,release
73853.704575946,ATTACK,release
73853.708911658,RIGHT,press
73853.783195709,RIGHT,release
73853.89479056,RIGHT,press
73854.194570059,RIGHT,release
73854.534044088,RIGHT,press
73854.619581276,RIGHT,release
73855.181650037,RIGHT,press
73855.284891312,JUMP,press
73855.357808837,ATTACK,press
73855.70212904,ATTACK,release
73856.019903038,JUMP,release
73856.045174245,RIGHT,release
73856.157858248,RIGHT,press
73856.508856392,RIGHT,release
73856.761850881,ATTACK,press
73856.982894393,ATTACK,release
73857.483242716,ATTACK,press
73857.728566123,ATTACK,release
73858.006466618,ATTACK,press
73858.205778307,ATTACK,release
73858.937300128,LEFT,press
73859.439377139,LEFT,press
73859.468961408,LEFT,press
73859.498711494,LEFT,press
73859.541653665,LEFT,press
73859.571870871,LEFT,press
73859.595502468,LEFT,release
73860.328808366,RIGHT,press
73860.8351619,RIGHT,press
73860.864905431,RIGHT,press
73860.896078435,RIGHT,press
73860.937299464,RIGHT,press
73860.967649353,RIGHT,press
73860.998521567,RIGHT,press
73861.027571345,RIGHT,press
73861.045321087,RIGHT,release
73862.658706275,RIGHT,press
73862.870438223,RIGHT,release
73874.036279645,LEFT,press
73874.120707155,JUMP,press
73874.498878769,JUMP,release
73874.708717913,LEFT,release
73875.195785139,JUMP,press
73875.220687167,LEFT,press
73875.48605394,JUMP,release
73875.732375048,LEFT,press
73875.763287138,LEFT,press
73875.792951283,LEFT,press
73875.823413505,LEFT,press
73875.839800832,JUMP,press
73876.073193505,JUMP,release
73876.282314857,LEFT,release
73876.421259362,LEFT,press
73876.613850575,JUMP,press
73877.095701152,JUMP,release
73877.139521555,LEFT,release
73877.240984754,RIGHT,press
73877.504050996,JUMP,press
73877.977022238,JUMP,release
73878.683585132,ATTACK,press
73878.721121788,RIGHT,release
73878.858334004,ATTACK,release
73879.312947388,ATTACK,press
73879.405871368,ATTACK,release
73879.617551456,RIGHT,press
73880.092757558,JUMP,press
73880.373460883,JUMP,release
73880.671382332,RIGHT,release
73881.748282779,RIGHT,press
73882.020849309,JUMP,press
73882.403123169,JUMP,release
73883.212023843,UP,press
73883.409039588,RIGHT,release
73883.583741086,JUMP,press
73883.708875125,LEFT,press
73883.761184975,LEFT,release
73883.795901917,ATTACK,press
73883.908978093,LEFT,press
73884.032662104,JUMP,release
73884.070883961,ATTACK,release
73884.095653511,LEFT,release
73884.122510944,LEFT,press
73884.281659538,LEFT,release
73884.295554125,UP,release
73884.345947766,RIGHT,press
73884.523638253,RIGHT,release
73884.795783818,RIGHT,press
73884.795829967,JUMP,press
73884.845826204,ATTACK,press
73885.084418288,JUMP,release
73885.095568642,ATTACK,release
73885.224459211,RIGHT,release
73885.534395548,DOWN,press
73885.634081235,ATTACK,press
73885.646954075,JUMP,press
73885.848886068,RIGHT,press
73885.85679014,ATTACK,release
73885.883658504,JUMP,release
73885.933900675,DOWN,release
73886.350922969,RIGHT,press
73886.390938561,RIGHT,press
73886.420889761,RIGHT,press
73886.421955509,RIGHT,release
73886.444124204,ATTACK,press
73886.611311063,RIGHT,press
73886.657855031,ATTACK,release
73886.920658733,RIGHT,release
73887.256906305,RIGHT,press
73887.359827571,ATTACK,press
73887.583730254,ATTACK,release
73887.851110388,ATTACK,press
73888.0337163,ATTACK,release
73888.070705474,RIGHT,release
73888.70650498,ATTACK,press
73888.863370947,RIGHT,press
73888.920767429,ATTACK,release
73889.145780921,RIGHT,release
73889.520125599,RIGHT,press
73889.633888595,ATTACK,press
73889.884032644,ATTACK,release
73889.982771362,RIGHT,release
73890.221348772,LEFT,press
73890.374544871,LEFT,release
73892.058097969,RIGHT,press
73892.076667106,UP,press
73892.108259398,JUMP,press
73892.122716761,RIGHT,release
73892.333852813,ATTACK,press
73892.408173258,RIGHT,press
73892.535473138,JUMP,release
73892.596232618,ATTACK,release
73892.698331341,UP,release
73892.820824324,RIGHT,release
73892.989942647,RIGHT,press
73893.071114968,ATTACK,press
73893.121055438,JUMP,press
73893.370838735,ATTACK,release
73893.409467149,JUMP,release
73893.658553432,ATTACK,press
73893.674650185,DOWN,press
73893.745845706,RIGHT,release
73893.745965684,LEFT,press
73893.771378271,DOWN,release
73893.863219721,ATTACK,release
73894.12248631,JUMP,press
73894.235901496,ATTACK,press
73894.51989646,ATTACK,release
73894.546057249,JUMP,release
73895.354975397,JUMP,press
73895.758171478,ATTACK,press
73896.020110357,JUMP,release
73896.11027541,ATTACK,release
73896.670162328,ATTACK,press
73896.947703436,ATTACK,release
73897.120474838,JUMP,press
73897.248280386,ATTACK,press
73897.596117336,ATTACK,release
73897.759102812,ATTACK,press
73898.092981209,ATTACK,release
73898.095019559,JUMP,release
73898.199805535,LEFT,release
73898.40913193,UP,press
73898.570367158,ATTACK,press
73898.849989785,UP,release
73898.870261692,ATTACK,release
73899.006952686,RIGHT,press
73899.120381885,ATTACK,press
73899.382130138,ATTACK,release
73899.420742194,RIGHT,release
73899.557827163,LEFT,press
73899.671802246,UP,press
73899.745400628,JUMP,press
73900.022745929,LEFT,release
73900.083645521,LEFT,press
73900.426999015,ATTACK,press
73900.475022354,JUMP,release
73900.63247332,UP,release
73900.725805721,ATTACK,release
73901.045743591,ATTACK,press
73901.310341187,ATTACK,release
73901.482616554,ATTACK,press
73901.757235223,ATTACK,release
73901.883073543,UP,press
73901.995875629,ATTACK,press
73902.082904673,JUMP,press
73902.257231235,ATTACK,release
73902.382692196,ATTACK,press
73902.445399238,UP,release
73902.682456779,ATTACK,release
73902.807158591,JUMP,release
73902.870623674,ATTACK,press
73903.197299181,ATTACK,release
73903.370571188,ATTACK,press
73903.620316573,ATTACK,release
73903.795425878,LEFT,release
73903.846540685,ATTACK,press
73903.858019565,LEFT,press
73904.120311968,ATTACK,release
73904.120346669,LEFT,release
73904.27045946,JUMP,press
73904.336433306,LEFT,press
73904.607724003,ATTACK,press
73904.83721106,ATTACK,release
73904.908182647,JUMP,release
73904.987322516,ATTACK,press
73905.246208836,ATTACK,release
73905.344346172,LEFT,release
73905.447525277,ATTACK,press
73905.671441808,ATTACK,release
73905.807909292,RIGHT,press
73906.038418524,RIGHT,release
73906.246570622,RIGHT,press
73906.308664227,ATTACK,press
73906.542262624,ATTACK,release
73906.659262873,RIGHT,release
73906.84710349,RIGHT,press
73907.020523627,ATTACK,press
73907.048357076,DOWN,press
73907.207635018,RIGHT,release
73907.269445926,ATTACK,release
73907.450288901,ATTACK,press
73907.682664105,ATTACK,release
73907.915219053,DOWN,release
73907.982650015,JUMP,press
73908.145797596,DOWN,press
73908.182461406,JUMP,release
73908.222035315,ATTACK,press
73908.567127437,ATTACK,release
73908.62219211,DOWN,release
73908.733406248,RIGHT,press
73909.207364944,RIGHT,release
73909.410151326,JUMP,press
73909.446052736,RIGHT,press
73909.495856966,UP,press
73909.758720813,ATTACK,press
73909.857900216,RIGHT,release
73909.870396968,JUMP,release
73909.991131173,LEFT,press
73909.991169292,ATTACK,release
73910.258238521,LEFT,release
73910.371355541,JUMP,press
73910.522155492,ATTACK,press
73910.559423321,RIGHT,press
73910.783677831,RIGHT,release
73910.83524866,JUMP,release
73910.835393572,LEFT,press
73910.882587864,ATTACK,release
73911.070368915,UP,release
73911.132528171,LEFT,release
73911.284296717,RIGHT,press
73911.483037026,UP,press
73911.523292808,JUMP,press
73911.647571604,ATTACK,press
73911.857799482,JUMP,release
73911.896011397,RIGHT,release
73911.940737616,ATTACK,release
73912.051437779,UP,release
73912.682412479,JUMP,press
73912.698412424,UP,press
73912.895918669,RIGHT,press
73912.919861669,ATTACK,press
73912.94589977,JUMP,release
73913.059357737,RIGHT,release
73913.120850751,LEFT,press
73913.182438364,ATTACK,release
73913.208076242,UP,release
73913.295546661,LEFT,release
73913.684236496,RIGHT,press
73913.757524299,RIGHT,release
73913.807748836,RIGHT,press
73914.033087541,RIGHT,release
73914.096175699,LEFT,press
73914.508194728,LEFT,release
73914.696958467,ATTACK,press
73914.739781835,LEFT,press
73914.944644066,ATTACK,release
73914.993268546,LEFT,release
73915.109864527,LEFT,press
73915.157796384,JUMP,press
73915.196917217,ATTACK,press
73915.244592977,UP,press
73915.371011273,JUMP,release
73915.422330515,ATTACK,release
73915.553578201,UP,release
73915.572284791,LEFT,release
73915.807914322,RIGHT,press
73916.257789149,JUMP,press
73916.608194373,JUMP,release
73916.695907164,RIGHT,release
73917.096172381,RIGHT,press
73917.145656065,RIGHT,release
73918.796427074,RIGHT,press
73919.308621293,RIGHT,press
73919.339579657,RIGHT,press
73919.371154555,RIGHT,press
73919.41407217,RIGHT,press
73919.444233952,RIGHT,press
73919.476945861,RIGHT,press
73919.514745358,RIGHT,press
73919.544559738,RIGHT,press
73919.577394066,RIGHT,press
73919.594577563,RIGHT,release
73919.927119844,RIGHT,press
73920.246159883,JUMP,press
73920.745932871,JUMP,press
73920.776812259,JUMP,press
73920.818082037,JUMP,press
73920.847530432,JUMP,press
73920.878962827,JUMP,press
73920.919578659,JUMP,press
73920.949668958,JUMP,press
73920.98094157,JUMP,press
73920.983331885,JUMP,release
73921.107810772,RIGHT,release
73921.483240314,LEFT,press
73921.521016615,JUMP,press
73922.020488517,JUMP,press
73922.054310285,JUMP,press
73922.093727986,JUMP,press
73922.124019583,JUMP,press
73922.154696908,JUMP,press
73922.18570742,JUMP,press
73922.208054749,JUMP,release
73922.332851828,LEFT,release
73922.596836968,RIGHT,press
73922.790628592,RIGHT,release
73923.003254859,LEFT,press
73923.071403502,LEFT,release
73923.237265326,RIGHT,press
73923.346120644,JUMP,press
73923.847020689,JUMP,press
73923.877126419,JUMP,press
73923.908774279,JUMP,press
73923.920900321,JUMP,release
73923.948966653,RIGHT,release
73924.271139572,RIGHT,press
73924.421241828,JUMP,press
73924.920863722,JUMP,press
73924.95110135,JUMP,press
73924.982679006,JUMP,press
73925.010561393,JUMP,press
73925.044176204,JUMP,press
73925.084275715,JUMP,press
73925.097844761,JUMP,release
73925.325591453,RIGHT,release
73925.746131943,JUMP,press
73925.775292371,RIGHT,press
73926.280124641,RIGHT,press
73926.309998504,RIGHT,press
73926.335681908,JUMP,release
73926.340207504,RIGHT,press
73926.369832472,RIGHT,press
73926.370810783,RIGHT,release
73926.670539495,LEFT,press
73927.173146181,LEFT,press
73927.21087713,LEFT,press
73927.221579246,LEFT,release
73928.03388318,LEFT,press
73928.097786249,JUMP,press
73928.554685096,JUMP,release
73928.996154387,LEFT,release
73929.260428795,LEFT,press
73929.334496982,JUMP,press
73929.685177584,JUMP,release
73930.098481481,LEFT,release
73930.483508059,RIGHT,press
73930.523541397,JUMP,press
73931.024449318,JUMP,press
73931.055893385,JUMP,press
73931.074368161,JUMP,release
73931.408140741,RIGHT,release
73931.458557219,RIGHT,press
73931.458652042,JUMP,press
73931.658987969,JUMP,release
73932.247189629,RIGHT,release
73933.831313861,RIGHT,press
73934.333250476,RIGHT,press
73934.364512136,RIGHT,press
73934.40051765,RIGHT,press
73934.437591864,RIGHT,press
73934.467867748,RIGHT,press
73934.498710833,RIGHT,press
73934.537985839,RIGHT,press
73934.567597294,RIGHT,press
73934.599110695,RIGHT,press
73934.640988424,RIGHT,press
73934.67065335,RIGHT,press
73934.703549114,RIGHT,press
73934.745995188,RIGHT,press
73934.776161118,RIGHT,press
73934.807617185,RIGHT,press
73934.85292436,RIGHT,press
73934.883324637,RIGHT,press
73934.914345632,RIGHT,press
73934.953199877,RIGHT,release
73935.033422198,RIGHT,press
73935.196711494,JUMP,press
73935.671551796,JUMP,release
73936.172749018,JUMP,press
73936.673156933,JUMP,press
73936.703887604,JUMP,press
73936.709796778,JUMP,release
73937.122083196,RIGHT,release
73937.396664528,LEFT,press
73937.727722709,LEFT,release
73939.771680478,RIGHT,press
73940.272932918,RIGHT,press
73940.302785767,RIGHT,press
73940.335837226,RIGHT,press
73940.37772816,RIGHT,press
73940.408267394,RIGHT,press
73940.4393453,RIGHT,press
73940.484195279,RIGHT,press
73940.51494009,RIGHT,press
73940.547265003,RIGHT,press
73940.57545023,RIGHT,press
73940.609377994,RIGHT,press
73940.644820995,RIGHT,press
73940.671390429,RIGHT,release
73940.923177321,RIGHT,press
73941.12102949,JUMP,press
73941.621092898,JUMP,press
73941.652299533,JUMP,press
73941.681896955,JUMP,press
73941.683295799,JUMP,release
73941.983566956,RIGHT,release
73942.195951171,RIGHT,press
73942.347694417,JUMP,press
73942.848281393,JUMP,press
73942.890913885,JUMP,press
73942.921294788,JUMP,press
73942.954508768,JUMP,press
73942.959238137,JUMP,release
73943.051238926,RIGHT,release
73943.159370585,RIGHT,press
73943.346670554,RIGHT,release
73943.535475228,RIGHT,press
73943.579462702,JUMP,press
73944.047082461,RIGHT,release
73944.060372892,JUMP,release
73944.369968945,RIGHT,press
73944.370034802,JUMP,press
73944.87126699,JUMP,press
73944.909613707,JUMP,release
73944.933624207,RIGHT,release
73945.206846589,LEFT,press
73945.208919569,JUMP,press
73945.708136579,JUMP,press
73945.738792729,JUMP,press
73945.770655896,JUMP,press
73945.812878566,JUMP,release
73945.812921188,LEFT,release
73946.034054477,LEFT,press
73946.212420259,JUMP,press
73946.59654697,JUMP,release
73947.146693139,LEFT,release
73947.458903618,ATTACK,press
73947.70860153,ATTACK,release
73948.762221706,RIGHT,press
73948.859161063,ATTACK,press
73949.060185419,RIGHT,release
73949.159785623,ATTACK,release
73949.555371298,UP,press
73949.633982367,ATTACK,press
73949.895721347,ATTACK,release
73949.933676871,UP,release
73950.064771423,LEFT,press
73950.184699472,ATTACK,press
73950.211697948,UP,press
73950.308931833,LEFT,release
73950.428961358,UP,release
73950.458684114,ATTACK,release
73950.939306239,LEFT,press
73950.970674693,UP,press
73951.146242205,ATTACK,press
73951.21988669,LEFT,release
73951.456578229,ATTACK,release
73951.533837204,UP,release
73951.735671044,RIGHT,press
73951.896192124,ATTACK,press
73952.134473122,RIGHT,release
73952.159230683,ATTACK,release
73952.170009677,LEFT,press
73952.460667402,JUMP,press
73952.547539904,ATTACK,press
73952.857422605,ATTACK,release
73953.259450067,JUMP,release
73953.422037436,ATTACK,press
73953.658936116,ATTACK,release
73953.846215492,ATTACK,press
73954.088719763,ATTACK,release
73954.17094479,LEFT,release
73954.510310547,RIGHT,press
73954.720129149,ATTACK,press
73954.735690408,JUMP,press
73954.984210925,ATTACK,release
73955.094918396,JUMP,release
73955.134065929,RIGHT,release
73955.18566138,LEFT,press
73955.291519648,LEFT,release
73955.403366558,RIGHT,press
73955.77228152,JUMP,press
73955.897327581,ATTACK,press
73956.215394991,ATTACK,release
73956.559264611,JUMP,release
73956.797124906,RIGHT,release
73956.934431664,RIGHT,press
73957.048249603,JUMP,press
73957.548616275,JUMP,press
73957.579257946,JUMP,press
73957.584278569,JUMP,release
73957.632327347,ATTACK,press
73957.846996158,ATTACK,release
73958.259104546,RIGHT,release
73958.58440251,LEFT,press
73958.634429509,JUMP,press
73958.684482561,ATTACK,press
73958.971947884,ATTACK,release
73959.155292926,JUMP,release
73959.709657891,ATTACK,press
73959.998074961,ATTACK,release
73960.122397841,JUMP,press
73960.522977749,ATTACK,press
73960.629756712,JUMP,release
73960.709153221,ATTACK,release
73961.197674523,ATTACK,press
73961.422077505,ATTACK,release
73962.309413703,ATTACK,press
73962.548834119,ATTACK,release
73963.247124616,LEFT,release
73963.522536889,RIGHT,press
73964.022558287,RIGHT,press
73964.035480107,ATTACK,press
73964.275968362,ATTACK,release
73964.936563153,RIGHT,release
73965.089181843,RIGHT,press
73965.396787466,RIGHT,release
73965.721693186,RIGHT,press
73965.934918646,JUMP,press
73966.222275862,JUMP,release
73966.847678711,JUMP,press
73967.348502499,JUMP,press
73967.377941558,JUMP,press
73967.394925139,JUMP,release
73967.784359522,RIGHT,release
73968.045734288,JUMP,press
73968.084488685,RIGHT,press
73968.575592539,JUMP,release
73968.584504889,RIGHT,press
73968.614712389,RIGHT,press
73968.634578047,RIGHT,release
73968.884669755,RIGHT,press
73968.934754665,JUMP,press
73969.437321655,JUMP,press
73969.47237541,JUMP,press
73969.472454298,JUMP,release
73969.551186886,RIGHT,release
73969.671891644,LEFT,press
73969.772671015,JUMP,press
73970.279009502,JUMP,press
73970.298147612,JUMP,release
73970.510828095,JUMP,press
73970.936507083,JUMP,release
73971.598138615,LEFT,release
73971.59820324,JUMP,press
73971.609732271,RIGHT,press
73972.111042952,RIGHT,press
73972.151945609,RIGHT,press
73972.181886254,RIGHT,press
73972.205362081,JUMP,release
73972.213322378,RIGHT,press
73972.242931745,RIGHT,press
73972.275400605,RIGHT,press
73972.312966874,RIGHT,press
73972.34277259,RIGHT,press
73972.373073828,RIGHT,press
73972.40285907,RIGHT,press
73972.432912393,RIGHT,press
73972.434758395,JUMP,press
73972.609642789,UP,press
73972.759805299,ATTACK,press
73972.802100579,JUMP,release
73973.085335046,ATTACK,release
73973.135191583,UP,release
73973.251054218,RIGHT,release
73973.361296585,DOWN,press
73973.434709862,JUMP,press
73973.609654228,RIGHT,press
73973.686364624,ATTACK,press
73973.722419784,JUMP,release
73973.973334479,ATTACK,release
73974.124155091,DOWN,release
73974.259903726,JUMP,press
73974.37204424,ATTACK,press
73974.526318233,JUMP,release
73974.634500468,ATTACK,release
73974.645614919,RIGHT,release
73974.885036471,RIGHT,press
73975.384659757,RIGHT,press
73975.418633715,RIGHT,press
73975.457983317,RIGHT,press
73975.487819638,RIGHT,press
73975.522630985,RIGHT,press
73975.565426105,RIGHT,press
73975.596249652,RIGHT,press
73975.628247251,RIGHT,press
73975.668208979,RIGHT,press
73975.699171004,RIGHT,press
73975.731532629,RIGHT,press
73975.760805149,RIGHT,press
73975.791757325,RIGHT,press
73975.829779066,RIGHT,press
73975.859675094,RIGHT,press
73975.891463668,RIGHT,press
73975.921460295,RIGHT,press
73975.940107181,RIGHT,release
73976.385879564,LEFT,press
73976.886157071,LEFT,press
73976.916210886,LEFT,press
73976.957888941,LEFT,press
73976.972601422,LEFT,release
73978.372840047,RIGHT,press
73978.73492036,UP,press
73978.869475875,JUMP,press
73979.170884051,ATTACK,press
73979.317155803,JUMP,release
73979.427646403,ATTACK,release
73979.484702384,UP,release
73979.509885764,RIGHT,release
73979.660645819,RIGHT,press
73979.747217085,JUMP,press
73979.771480901,ATTACK,press
73980.047477829,ATTACK,release
73980.087481211,JUMP,release
73980.275219733,RIGHT,release
73980.584915158,ATTACK,press
73980.796820187,ATTACK,release
73980.872707506,RIGHT,press
73981.25970111,RIGHT,release
73981.278939107,ATTACK,press
73981.459880814,ATTACK,release
73981.72096264,UP,press
73982.003537238,LEFT,press
73982.023521233,ATTACK,press
73982.170949802,LEFT,release
73982.258908428,ATTACK,release
73982.272042873,UP,release
73982.284922788,LEFT,press
73982.573877149,ATTACK,press
73982.595741113,LEFT,release
73982.846876046,ATTACK,release
73982.997907896,RIGHT,press
73983.284996207,RIGHT,release
73983.437133637,JUMP,press
73983.460011641,RIGHT,press
73983.748239913,ATTACK,press
73983.820872037,JUMP,release
73983.872754846,RIGHT,release
73983.946956681,ATTACK,release
73984.435077194,LEFT,press
73984.535298562,JUMP,press
73984.825157825,JUMP,release
73984.849773858,LEFT,release
73986.210197085,LEFT,press
73986.354241687,JUMP,press
73986.58506851,UP,press
73986.65862142,JUMP,release
73986.816525229,UP,release
73987.059915977,LEFT,release
73987.363378066,UP,press
73987.535382905,LEFT,press
73987.697155759,JUMP,press
73988.196743375,JUMP,press
73988.227428168,JUMP,press
73988.257532522,JUMP,press
73988.283896482,UP,release
73988.287879513,JUMP,press
73988.320022832,JUMP,press
73988.349999795,JUMP,press
73988.373297874,UP,press
73988.431523989,JUMP,release
73988.48725318,UP,release
73988.921220784,JUMP,press
73989.420870661,JUMP,press
73989.42185572,JUMP,release
73989.668998387,LEFT,release
73990.788159434,LEFT,press
73990.79858852,JUMP,press
73991.299183997,JUMP,press
73991.336254809,JUMP,press
73991.367257014,JUMP,press
73991.389165976,JUMP,release
73991.947030089,LEFT,release
73992.21050327,LEFT,press
73992.42294958,JUMP,press
73992.922422952,JUMP,press
73992.954324993,JUMP,press
73992.98273554,JUMP,press
73993.012968585,JUMP,press
73993.058875477,JUMP,press
73993.060434573,JUMP,release
73994.035393027,JUMP,press
73994.096106119,LEFT,release
73994.147406096,RIGHT,press
73994.248790792,RIGHT,release
73994.410347606,RIGHT,press
73994.490363048,JUMP,release
73994.522106138,RIGHT,release
73994.700589408,ATTACK,press
73994.835469407,DOWN,press
73994.934224923,ATTACK,release
73995.123653989,DOWN,release
73995.196772706,DOWN,press
73995.260384357,JUMP,press
73995.27237583,ATTACK,press
73995.522149776,ATTACK,release
73995.560767458,DOWN,release
73995.651635929,JUMP,release
73995.722983738,UP,press
73995.785619409,ATTACK,press
73996.02275809,ATTACK,release
73996.135160479,RIGHT,press
73996.18548007,UP,release
73996.362178665,RIGHT,release
73996.584688218,RIGHT,press
73996.811877331,JUMP,press
73996.811941444,UP,press
73996.866871791,ATTACK,press
73997.322263218,ATTACK,release
73997.436442297,JUMP,release
73997.522266859,UP,release
73997.548203454,JUMP,press
73997.635639543,JUMP,release
73997.973533103,JUMP,press
73998.084499648,ATTACK,press
73998.376714282,ATTACK,release
73998.385474809,JUMP,release
73998.436258459,UP,press
73998.572484374,ATTACK,press
73998.809239003,ATTACK,release
73998.859279103,RIGHT,release
73999.035222574,UP,release
73999.311165806,JUMP,press
73999.322492094,RIGHT,press
73999.436183059,ATTACK,press
73999.516898714,UP,press
73999.6592792,JUMP,release
73999.700248603,ATTACK,release
73999.77241469,UP,release
73999.910591501,RIGHT,release
74000.672792083,RIGHT,press
74001.028112384,RIGHT,release
74001.928430234,JUMP,press
74002.432289132,JUMP,press
74002.470668464,JUMP,press
74002.50055003,JUMP,press
74002.532184424,JUMP,press
74002.562392074,JUMP,press
74002.593437236,JUMP,press
74002.62854521,RIGHT,press
74002.659326284,JUMP,release
74002.697452423,RIGHT,release
74002.922631108,RIGHT,press
74003.174435235,JUMP,press
74003.677922673,JUMP,press
74003.707917846,JUMP,press
74003.739418314,JUMP,press
74003.768503923,JUMP,press
74003.799169467,JUMP,press
74003.839734845,JUMP,release
74004.337420842,JUMP,press
74004.772928705,RIGHT,release
74004.823046891,LEFT,press
74004.823131817,JUMP,release
74005.000752747,LEFT,release
